Workbook

Sheet README
A1: Construction Contractor L4-L5-L6 Schedule (Synthetic Case)
A3: Purpose | B3: Teaching dataset for the hackathon: shows how executor-level work (L5/L6 tasks reported by supervisors) hangs under the planner's L3/L4 nodes in Primavera P6, and gives a common ground truth to test extraction and schedule-linking.
A4: Case project | B4: Urban garbage treatment plant (100 TPD: segregation, composting, RDF), Town XYZ, by Company ABC. About Rs 45 crore, about 24 months from investment approval to commissioning. This workbook covers only the scope of the construction contractor.
A5: Sheets | B5: Assumptions: handover date and external delivery dates (scenario levers). L3 Reference: the 11 L3 activities given to the contractor. L4-L6 Schedule: the working schedule with logic, dates and actuals columns.
A6: Level definitions | B6: L3 = package activity in the consultant schedule (e.g. Civil Works - Process Buildings). L4 = facility / area work package (e.g. Waste Receiving & Tipping Hall). L5 = work group (e.g. Foundations). L6 = executable task reported daily by a supervisor (e.g. Excavate for footings).
A7: Linkage key | B7: The Activity ID (format GWP-<discipline>-<number>, e.g. GWP-CIV-1130) is the linkage point. Every L4-L6 row also carries its L3 Parent ID and immediate Parent ID, so a reported L6 task always resolves up to its L3/L4 node in P6.
A8: Who does what | B8: Contractor keeps L5/L6 (approved by consultant). Supervisors report L6 starts and finishes. The planning engineer confirms and updates P6. L4/L5 rows are never reported directly; they roll up.
A9: Completion rule | B9: A task is complete when the site team finishes the work. Inspection and testing are separate tasks in the last L3 node (Section GWP-L3-110), not part of the work task.
A10: Rollup rules | B10: Summary Planned/Actual Start = earliest child. Summary Actual Finish appears only when all L6 tasks below it are finished, then = latest child finish. Summary % Complete = L6 % complete weighted by planned duration. Status derives from the actual dates.
A11: Schedule logic | B11: L6 tasks use Finish-to-Start unless stated (some Start-to-Start with lag). Start = latest predecessor constraint, moved to next working day. Six-day week (Sunday off). Changing a duration or an external delivery offset recalculates all dates.
A12: Legend | B12: Yellow cells: fill in during demo (Actual Start, Actual Finish, % Complete, Remarks at L6 level; and delivery offsets on the Assumptions sheet). Blue text: hardcoded input (duration, quantity). Black: formula. Green: link to another sheet. Use the outline buttons (1/2/3) at the left of the schedule to collapse to L4, L5 or L6.
A13: Assumptions | B13: All durations, quantities, delivery lead times and logic are synthetic assumptions made for teaching realism, not taken from any real OIL project. Quantities are indicative and are meant to make daily reports look realistic (e.g. "poured 45 m3").
A15: Example of a filled-in row | B15: GWP-CIV-1250 | Excavate for footings (Bldg B) | Actual Start 18-Nov-27 | Actual Finish 24-Nov-27 | % Complete 100%. Only L6 rows are filled; the parent L5 and L4 rows and the L3 node update by formula. Delete any test entries before reuse.
A17: Row counts (live)
A18: L4 work packages | B18: =COUNTIF('L4-L6 Schedule'!$C$6:$C$220,"L4") -> 19
A19: L5 work groups | B19: =COUNTIF('L4-L6 Schedule'!$C$6:$C$220,"L5") -> 40
A20: L6 tasks (incl. 2 milestones) | B20: =COUNTIF('L4-L6 Schedule'!$C$6:$C$220,"L6") -> 149
A21: External milestones | B21: =COUNTIF('L4-L6 Schedule'!$C$6:$C$220,"EXT") -> 7
A22: Total rows | B22: =SUM(B18:B21) -> 215

Sheet Assumptions
A1: Assumptions & Scenario Levers
A2: Blue = editable input. All dates in the Schedule recalculate from these cells.
A4: Item | B4: Value | C4: Basis
A5: Investment approval date (case project) | B5: 46388 | C5: Case project assumption agreed with Sandip: ~24 months approval to commissioning
A6: Site handover to construction contractor (start of scope) | B6: 46664 | C6: Assumption: ~9 months after approval for land, statutory clearances and design
A7: Commissioning target (case project) | B7: 47118 | C7: Assumption: 24 months from approval
A8: Working calendar | B8: Mon-Sat (Sunday off) | C8: Assumption: 6-day week, no public holidays or monsoon losses modelled
A11: External / interface milestones (not contractor tasks - they drive the contractor schedule)
A12: Milestone ID | B12: Description | C12: Offset (working days from handover) | D12: Delivery date (calculated)
A13: GWP-EXT-1010 | B13: IFC structural steel drawings released by consultant | C13: 20 | D13: =WORKDAY.INTL(Assumptions!$B$6,C13,11) -> 46687
A14: GWP-EXT-1020 | B14: Trommel screen, conveyors, feed hopper & weighbridge delivered at site (supplier) | C14: 145 | D14: =WORKDAY.INTL(Assumptions!$B$6,C14,11) -> 46833
A15: GWP-EXT-1030 | B15: Shredder & baling press delivered at site (supplier) | C15: 155 | D15: =WORKDAY.INTL(Assumptions!$B$6,C15,11) -> 46844
A16: GWP-EXT-1040 | B16: Aeration blowers, compost turner & finishing screen delivered at site (supplier) | C16: 150 | D16: =WORKDAY.INTL(Assumptions!$B$6,C16,11) -> 46839
A17: GWP-EXT-1050 | B17: ETP skid, leachate & fire water pumps delivered at site (supplier) | C17: 155 | D17: =WORKDAY.INTL(Assumptions!$B$6,C17,11) -> 46844
A18: GWP-EXT-1060 | B18: Transformer, HT/LT panels & DG set delivered at site (owner-supplied) | C18: 175 | D18: =WORKDAY.INTL(Assumptions!$B$6,C18,11) -> 46868
A19: GWP-EXT-1070 | B19: PLC/SCADA panels & field instruments delivered at site (supplier) | C19: 205 | D19: =WORKDAY.INTL(Assumptions!$B$6,C19,11) -> 46903
A21: Notes:
A22: 1. Offsets are illustrative assumptions (supplier/owner lead times after design and ordering). Change an offset to test how a late delivery pushes the contractor schedule.
A23: 2. Task durations, quantities and logic in the Schedule are synthetic, chosen for teaching realism; they are not from any real OIL project.
A24: 3. No holidays, monsoon or weather losses are modelled. Dates use WORKDAY.INTL with Sunday as the only non-working day.

Sheet L4-L6 Schedule
A1: Level 4-5-6 Schedule: Construction Contractor Scope - Urban Garbage Treatment Plant (100 TPD), Town XYZ, Company ABC
A2: Synthetic teaching dataset. Link key = Activity ID (Primavera P6 style). Yellow cells = site inputs (Actual Start / Actual Finish / % Complete) at L6 task level; L4/L5 rows roll up automatically. Blue = editable input, black = formula.
A5: Activity ID | B5: WBS | C5: Level | D5: L3 Parent ID | E5: Parent ID | F5: Activity Name | G5: Type | H5: Discipline | I5: Reporting Role | J5: Qty | K5: UoM | L5: Orig Duration (wd) | M5: Predecessors (FS unless stated) | N5: Planned Start | O5: Planned Finish | P5: Leaf (Y/N) | Q5: Actual Start | R5: Actual Finish | S5: % Complete | T5: Status | U5: Remarks
A6: GWP-EXT-1010 | B6: - | C6: EXT | D6: - | E6: - | F6: IFC structural steel drawings released by consultant | G6: External milestone | H6: EXT | I6: Supplier / Owner / Consultant | L6: 0 | M6: Input date (Assumptions sheet) | N6: =Assumptions!$D$13 -> 46687 | O6: =N6 -> 46687 | P6: N | T6: -
A7: GWP-EXT-1020 | B7: - | C7: EXT | D7: - | E7: - | F7: Trommel screen, conveyors, feed hopper & weighbridge delivered at site (supplier) | G7: External milestone | H7: EXT | I7: Supplier / Owner / Consultant | L7: 0 | M7: Input date (Assumptions sheet) | N7: =Assumptions!$D$14 -> 46833 | O7: =N7 -> 46833 | P7: N | T7: -
A8: GWP-EXT-1030 | B8: - | C8: EXT | D8: - | E8: - | F8: Shredder & baling press delivered at site (supplier) | G8: External milestone | H8: EXT | I8: Supplier / Owner / Consultant | L8: 0 | M8: Input date (Assumptions sheet) | N8: =Assumptions!$D$15 -> 46844 | O8: =N8 -> 46844 | P8: N | T8: -
A9: GWP-EXT-1040 | B9: - | C9: EXT | D9: - | E9: - | F9: Aeration blowers, compost turner & finishing screen delivered at site (supplier) | G9: External milestone | H9: EXT | I9: Supplier / Owner / Consultant | L9: 0 | M9: Input date (Assumptions sheet) | N9: =Assumptions!$D$16 -> 46839 | O9: =N9 -> 46839 | P9: N | T9: -
A10: GWP-EXT-1050 | B10: - | C10: EXT | D10: - | E10: - | F10: ETP skid, leachate & fire water pumps delivered at site (supplier) | G10: External milestone | H10: EXT | I10: Supplier / Owner / Consultant | L10: 0 | M10: Input date (Assumptions sheet) | N10: =Assumptions!$D$17 -> 46844 | O10: =N10 -> 46844 | P10: N | T10: -
A11: GWP-EXT-1060 | B11: - | C11: EXT | D11: - | E11: - | F11: Transformer, HT/LT panels & DG set delivered at site (owner-supplied) | G11: External milestone | H11: EXT | I11: Supplier / Owner / Consultant | L11: 0 | M11: Input date (Assumptions sheet) | N11: =Assumptions!$D$18 -> 46868 | O11: =N11 -> 46868 | P11: N | T11: -
A12: GWP-EXT-1070 | B12: - | C12: EXT | D12: - | E12: - | F12: PLC/SCADA panels & field instruments delivered at site (supplier) | G12: External milestone | H12: EXT | I12: Supplier / Owner / Consultant | L12: 0 | M12: Input date (Assumptions sheet) | N12: =Assumptions!$D$19 -> 46903 | O12: =N12 -> 46903 | P12: N | T12: -
A13: GWP-GEN-1010 | B13: GWP.C01.01 | C13: L4 | D13: GWP-L3-010 | E13: GWP-L3-010 | F13: Mobilisation & Temporary Facilities | G13: Summary | H13: GEN | I13: Contractor Site Engineer | L13: =NETWORKDAYS.INTL(N13,O13,11) -> 14 | N13: =MIN(N14:N25) -> 46664 | O13: =MAX(O14:O25) -> 46679 | P13: N | Q13: =IF(COUNT(Q14:Q25)=0,"",MIN(Q14:Q25)) | R13: =IF(COUNTIFS(P14:P25,"Y")=COUNTIFS(P14:P25,"Y",R14:R25,">0"),MAX(R14:R25),"") | S13: =IFERROR(SUMPRODUCT((P14:P25="Y")*L14:L25*S14:S25)/SUMIFS(L14:L25,P14:P25,"Y"),0) -> 0 | T13: =IF(ISNUMBER(R13),"Completed",IF(ISNUMBER(Q13),"In Progress","Not Started")) -> Not Started
A14: GWP-GEN-1020 | B14: GWP.C01.01.01 | C14: L5 | D14: GWP-L3-010 | E14: GWP-GEN-1010 | F14: Site Establishment | G14: Summary | H14: GEN | I14: Contractor Site Engineer | L14: =NETWORKDAYS.INTL(N14,O14,11) -> 14 | N14: =MIN(N15:N20) -> 46664 | O14: =MAX(O15:O20) -> 46679 | P14: N | Q14: =IF(COUNT(Q15:Q20)=0,"",MIN(Q15:Q20)) | R14: =IF(COUNTIFS(P15:P20,"Y")=COUNTIFS(P15:P20,"Y",R15:R20,">0"),MAX(R15:R20),"") | S14: =IFERROR(SUMPRODUCT((P15:P20="Y")*L15:L20*S15:S20)/SUMIFS(L15:L20,P15:P20,"Y"),0) -> 0 | T14: =IF(ISNUMBER(R14),"Completed",IF(ISNUMBER(Q14),"In Progress","Not Started")) -> Not Started
A15: GWP-GEN-1030 | B15: GWP.C01.01.01.01 | C15: L6 | D15: GWP-L3-010 | E15: GWP-GEN-1020 | F15: Site handover & joint survey with consultant | G15: Task | H15: GEN | I15: Contractor Site Engineer | J15: 1 | K15: LS | L15: 2 | M15: Site handover date (Assumptions) | N15: =Assumptions!$B$6 -> 46664 | O15: =IF(L15=0,N15,WORKDAY.INTL(N15,L15-1,11)) -> 46665 | P15: Y | T15: =IF(ISNUMBER(R15),"Completed",IF(ISNUMBER(Q15),"In Progress","Not Started")) -> Not Started
A16: GWP-GEN-1040 | B16: GWP.C01.01.01.02 | C16: L6 | D16: GWP-L3-010 | E16: GWP-GEN-1020 | F16: Set up site office, stores & storage yard | G16: Task | H16: GEN | I16: Contractor Site Engineer | J16: 1 | K16: LS | L16: 6 | M16: GWP-GEN-1030 FS | N16: =IF($L16=0,O15,WORKDAY.INTL(O15,1,11)) -> 46666 | O16: =IF(L16=0,N16,WORKDAY.INTL(N16,L16-1,11)) -> 46672 | P16: Y | T16: =IF(ISNUMBER(R16),"Completed",IF(ISNUMBER(Q16),"In Progress","Not Started")) -> Not Started
A17: GWP-GEN-1050 | B17: GWP.C01.01.01.03 | C17: L6 | D17: GWP-L3-010 | E17: GWP-GEN-1020 | F17: Set up labour camp, canteen & sanitation | G17: Task | H17: GEN | I17: Contractor Site Engineer | J17: 1 | K17: LS | L17: 8 | M17: GWP-GEN-1030 FS | N17: =IF($L17=0,O15,WORKDAY.INTL(O15,1,11)) -> 46666 | O17: =IF(L17=0,N17,WORKDAY.INTL(N17,L17-1,11)) -> 46674 | P17: Y | T17: =IF(ISNUMBER(R17),"Completed",IF(ISNUMBER(Q17),"In Progress","Not Started")) -> Not Started
A18: GWP-GEN-1060 | B18: GWP.C01.01.01.04 | C18: L6 | D18: GWP-L3-010 | E18: GWP-GEN-1020 | F18: Arrange temporary power (DG) & water supply | G18: Task | H18: GEN | I18: Contractor Site Engineer | J18: 1 | K18: LS | L18: 7 | M18: GWP-GEN-1030 FS | N18: =IF($L18=0,O15,WORKDAY.INTL(O15,1,11)) -> 46666 | O18: =IF(L18=0,N18,WORKDAY.INTL(N18,L18-1,11)) -> 46673 | P18: Y | T18: =IF(ISNUMBER(R18),"Completed",IF(ISNUMBER(Q18),"In Progress","Not Started")) -> Not Started
A19: GWP-GEN-1070 | B19: GWP.C01.01.01.05 | C19: L6 | D19: GWP-L3-010 | E19: GWP-GEN-1020 | F19: Erect temporary fencing, signage & site gate | G19: Task | H19: GEN | I19: Contractor Site Engineer | J19: 300 | K19: RM | L19: 4 | M19: GWP-GEN-1030 FS | N19: =IF($L19=0,O15,WORKDAY.INTL(O15,1,11)) -> 46666 | O19: =IF(L19=0,N19,WORKDAY.INTL(N19,L19-1,11)) -> 46669 | P19: Y | T19: =IF(ISNUMBER(R19),"Completed",IF(ISNUMBER(Q19),"In Progress","Not Started")) -> Not Started
A20: GWP-GEN-1080 | B20: GWP.C01.01.01.06 | C20: L6 | D20: GWP-L3-010 | E20: GWP-GEN-1020 | F20: Mobilise cranes, excavators & batching equipment | G20: Task | H20: GEN | I20: Contractor Site Engineer | J20: 1 | K20: LS | L20: 6 | M20: GWP-GEN-1040 FS | N20: =IF($L20=0,O16,WORKDAY.INTL(O16,1,11)) -> 46673 | O20: =IF(L20=0,N20,WORKDAY.INTL(N20,L20-1,11)) -> 46679 | P20: Y | T20: =IF(ISNUMBER(R20),"Completed",IF(ISNUMBER(Q20),"In Progress","Not Started")) -> Not Started
A21: GWP-GEN-1090 | B21: GWP.C01.01.02 | C21: L5 | D21: GWP-L3-010 | E21: GWP-GEN-1010 | F21: Quality & HSE Setup | G21: Summary | H21: GEN | I21: Contractor Site Engineer | L21: =NETWORKDAYS.INTL(N21,O21,11) -> 11 | N21: =MIN(N22:N25) -> 46666 | O21: =MAX(O22:O25) -> 46678 | P21: N | Q21: =IF(COUNT(Q22:Q25)=0,"",MIN(Q22:Q25)) | R21: =IF(COUNTIFS(P22:P25,"Y")=COUNTIFS(P22:P25,"Y",R22:R25,">0"),MAX(R22:R25),"") | S21: =IFERROR(SUMPRODUCT((P22:P25="Y")*L22:L25*S22:S25)/SUMIFS(L22:L25,P22:P25,"Y"),0) -> 0 | T21: =IF(ISNUMBER(R21),"Completed",IF(ISNUMBER(Q21),"In Progress","Not Started")) -> Not Started
A22: GWP-HSE-1010 | B22: GWP.C01.01.02.01 | C22: L6 | D22: GWP-L3-010 | E22: GWP-GEN-1090 | F22: HSE plan approval & worker induction | G22: Task | H22: HSE | I22: Contractor HSE Officer | J22: 1 | K22: LS | L22: 5 | M22: GWP-GEN-1040 FS | N22: =IF($L22=0,O16,WORKDAY.INTL(O16,1,11)) -> 46673 | O22: =IF(L22=0,N22,WORKDAY.INTL(N22,L22-1,11)) -> 46678 | P22: Y | T22: =IF(ISNUMBER(R22),"Completed",IF(ISNUMBER(Q22),"In Progress","Not Started")) -> Not Started
A23: GWP-QAQC-1010 | B23: GWP.C01.01.02.02 | C23: L6 | D23: GWP-L3-010 | E23: GWP-GEN-1090 | F23: Approval of QAP / Inspection & Test Plans | G23: Task | H23: QAQC | I23: Contractor QA/QC Engineer | J23: 1 | K23: LS | L23: 8 | M23: GWP-GEN-1030 FS | N23: =IF($L23=0,O15,WORKDAY.INTL(O15,1,11)) -> 46666 | O23: =IF(L23=0,N23,WORKDAY.INTL(N23,L23-1,11)) -> 46674 | P23: Y | T23: =IF(ISNUMBER(R23),"Completed",IF(ISNUMBER(Q23),"In Progress","Not Started")) -> Not Started
A24: GWP-GEN-1100 | B24: GWP.C01.01.02.03 | C24: L6 | D24: GWP-L3-010 | E24: GWP-GEN-1090 | F24: Establish survey control points & benchmarks | G24: Task | H24: GEN | I24: Contractor Site Engineer | J24: 12 | K24: Nos | L24: 4 | M24: GWP-GEN-1030 FS | N24: =IF($L24=0,O15,WORKDAY.INTL(O15,1,11)) -> 46666 | O24: =IF(L24=0,N24,WORKDAY.INTL(N24,L24-1,11)) -> 46669 | P24: Y | T24: =IF(ISNUMBER(R24),"Completed",IF(ISNUMBER(Q24),"In Progress","Not Started")) -> Not Started
A25: GWP-QAQC-1020 | B25: GWP.C01.01.02.04 | C25: L6 | D25: GWP-L3-010 | E25: GWP-GEN-1090 | F25: Set up site material testing lab | G25: Task | H25: QAQC | I25: Contractor QA/QC Engineer | J25: 1 | K25: LS | L25: 5 | M25: GWP-GEN-1040 FS | N25: =IF($L25=0,O16,WORKDAY.INTL(O16,1,11)) -> 46673 | O25: =IF(L25=0,N25,WORKDAY.INTL(N25,L25-1,11)) -> 46678 | P25: Y | T25: =IF(ISNUMBER(R25),"Completed",IF(ISNUMBER(Q25),"In Progress","Not Started")) -> Not Started
A26: GWP-CIV-1010 | B26: GWP.C02.01 | C26: L4 | D26: GWP-L3-020 | E26: GWP-L3-020 | F26: Earthwork & Site Grading | G26: Summary | H26: CIV | I26: Civil Supervisor | L26: =NETWORKDAYS.INTL(N26,O26,11) -> 56 | N26: =MIN(N27:N36) -> 46680 | O26: =MAX(O27:O36) -> 46744 | P26: N | Q26: =IF(COUNT(Q27:Q36)=0,"",MIN(Q27:Q36)) | R26: =IF(COUNTIFS(P27:P36,"Y")=COUNTIFS(P27:P36,"Y",R27:R36,">0"),MAX(R27:R36),"") | S26: =IFERROR(SUMPRODUCT((P27:P36="Y")*L27:L36*S27:S36)/SUMIFS(L27:L36,P27:P36,"Y"),0) -> 0 | T26: =IF(ISNUMBER(R26),"Completed",IF(ISNUMBER(Q26),"In Progress","Not Started")) -> Not Started
A27: GWP-CIV-1020 | B27: GWP.C02.01.01 | C27: L5 | D27: GWP-L3-020 | E27: GWP-CIV-1010 | F27: Clearing & Grading | G27: Summary | H27: CIV | I27: Civil Supervisor | L27: =NETWORKDAYS.INTL(N27,O27,11) -> 25 | N27: =MIN(N28:N30) -> 46680 | O27: =MAX(O28:O30) -> 46708 | P27: N | Q27: =IF(COUNT(Q28:Q30)=0,"",MIN(Q28:Q30)) | R27: =IF(COUNTIFS(P28:P30,"Y")=COUNTIFS(P28:P30,"Y",R28:R30,">0"),MAX(R28:R30),"") | S27: =IFERROR(SUMPRODUCT((P28:P30="Y")*L28:L30*S28:S30)/SUMIFS(L28:L30,P28:P30,"Y"),0) -> 0 | T27: =IF(ISNUMBER(R27),"Completed",IF(ISNUMBER(Q27),"In Progress","Not Started")) -> Not Started
A28: GWP-CIV-1030 | B28: GWP.C02.01.01.01 | C28: L6 | D28: GWP-L3-020 | E28: GWP-CIV-1020 | F28: Clear & grub site vegetation and debris | G28: Task | H28: CIV | I28: Civil Supervisor | J28: 25000 | K28: m2 | L28: 6 | M28: GWP-GEN-1100 FS; GWP-GEN-1080 FS | N28: =MAX(IF($L28=0,O24,WORKDAY.INTL(O24,1,11)),IF($L28=0,O20,WORKDAY.INTL(O20,1,11))) -> 46680 | O28: =IF(L28=0,N28,WORKDAY.INTL(N28,L28-1,11)) -> 46686 | P28: Y | T28: =IF(ISNUMBER(R28),"Completed",IF(ISNUMBER(Q28),"In Progress","Not Started")) -> Not Started
A29: GWP-CIV-1040 | B29: GWP.C02.01.01.02 | C29: L6 | D29: GWP-L3-020 | E29: GWP-CIV-1020 | F29: Cut & fill to formation level | G29: Task | H29: CIV | I29: Civil Supervisor | J29: 18000 | K29: m3 | L29: 14 | M29: GWP-CIV-1030 FS | N29: =IF($L29=0,O28,WORKDAY.INTL(O28,1,11)) -> 46687 | O29: =IF(L29=0,N29,WORKDAY.INTL(N29,L29-1,11)) -> 46702 | P29: Y | T29: =IF(ISNUMBER(R29),"Completed",IF(ISNUMBER(Q29),"In Progress","Not Started")) -> Not Started
A30: GWP-CIV-1050 | B30: GWP.C02.01.01.03 | C30: L6 | D30: GWP-L3-020 | E30: GWP-CIV-1020 | F30: Compaction & field density tests on filled area | G30: Task | H30: CIV | I30: Civil Supervisor | J30: 25000 | K30: m2 | L30: 5 | M30: GWP-CIV-1040 FS | N30: =IF($L30=0,O29,WORKDAY.INTL(O29,1,11)) -> 46703 | O30: =IF(L30=0,N30,WORKDAY.INTL(N30,L30-1,11)) -> 46708 | P30: Y | T30: =IF(ISNUMBER(R30),"Completed",IF(ISNUMBER(Q30),"In Progress","Not Started")) -> Not Started
A31: GWP-CIV-1060 | B31: GWP.C02.01.02 | C31: L5 | D31: GWP-L3-020 | E31: GWP-CIV-1010 | F31: Boundary Wall & Main Gate | G31: Summary | H31: CIV | I31: Civil Supervisor | L31: =NETWORKDAYS.INTL(N31,O31,11) -> 50 | N31: =MIN(N32:N36) -> 46687 | O31: =MAX(O32:O36) -> 46744 | P31: N | Q31: =IF(COUNT(Q32:Q36)=0,"",MIN(Q32:Q36)) | R31: =IF(COUNTIFS(P32:P36,"Y")=COUNTIFS(P32:P36,"Y",R32:R36,">0"),MAX(R32:R36),"") | S31: =IFERROR(SUMPRODUCT((P32:P36="Y")*L32:L36*S32:S36)/SUMIFS(L32:L36,P32:P36,"Y"),0) -> 0 | T31: =IF(ISNUMBER(R31),"Completed",IF(ISNUMBER(Q31),"In Progress","Not Started")) -> Not Started
A32: GWP-CIV-1070 | B32: GWP.C02.01.02.01 | C32: L6 | D32: GWP-L3-020 | E32: GWP-CIV-1060 | F32: Excavate boundary wall foundation trench | G32: Task | H32: CIV | I32: Civil Supervisor | J32: 1200 | K32: RM | L32: 8 | M32: GWP-CIV-1030 FS | N32: =IF($L32=0,O28,WORKDAY.INTL(O28,1,11)) -> 46687 | O32: =IF(L32=0,N32,WORKDAY.INTL(N32,L32-1,11)) -> 46695 | P32: Y | T32: =IF(ISNUMBER(R32),"Completed",IF(ISNUMBER(Q32),"In Progress","Not Started")) -> Not Started
A33: GWP-CIV-1080 | B33: GWP.C02.01.02.02 | C33: L6 | D33: GWP-L3-020 | E33: GWP-CIV-1060 | F33: Lay PCC and footing for boundary wall | G33: Task | H33: CIV | I33: Civil Supervisor | J33: 1200 | K33: RM | L33: 10 | M33: GWP-CIV-1070 FS | N33: =IF($L33=0,O32,WORKDAY.INTL(O32,1,11)) -> 46696 | O33: =IF(L33=0,N33,WORKDAY.INTL(N33,L33-1,11)) -> 46707 | P33: Y | T33: =IF(ISNUMBER(R33),"Completed",IF(ISNUMBER(Q33),"In Progress","Not Started")) -> Not Started
A34: GWP-CIV-1090 | B34: GWP.C02.01.02.03 | C34: L6 | D34: GWP-L3-020 | E34: GWP-CIV-1060 | F34: Brick masonry for boundary wall | G34: Task | H34: CIV | I34: Civil Supervisor | J34: 1200 | K34: RM | L34: 20 | M34: GWP-CIV-1080 FS | N34: =IF($L34=0,O33,WORKDAY.INTL(O33,1,11)) -> 46708 | O34: =IF(L34=0,N34,WORKDAY.INTL(N34,L34-1,11)) -> 46730 | P34: Y | T34: =IF(ISNUMBER(R34),"Completed",IF(ISNUMBER(Q34),"In Progress","Not Started")) -> Not Started
A35: GWP-CIV-1100 | B35: GWP.C02.01.02.04 | C35: L6 | D35: GWP-L3-020 | E35: GWP-CIV-1060 | F35: Plaster & paint boundary wall | G35: Task | H35: CIV | I35: Civil Supervisor | J35: 1200 | K35: RM | L35: 12 | M35: GWP-CIV-1090 FS | N35: =IF($L35=0,O34,WORKDAY.INTL(O34,1,11)) -> 46731 | O35: =IF(L35=0,N35,WORKDAY.INTL(N35,L35-1,11)) -> 46744 | P35: Y | T35: =IF(ISNUMBER(R35),"Completed",IF(ISNUMBER(Q35),"In Progress","Not Started")) -> Not Started
A36: GWP-CIV-1110 | B36: GWP.C02.01.02.05 | C36: L6 | D36: GWP-L3-020 | E36: GWP-CIV-1060 | F36: Install main gate & security cabin | G36: Task | H36: CIV | I36: Civil Supervisor | J36: 1 | K36: LS | L36: 6 | M36: GWP-CIV-1090 FS | N36: =IF($L36=0,O34,WORKDAY.INTL(O34,1,11)) -> 46731 | O36: =IF(L36=0,N36,WORKDAY.INTL(N36,L36-1,11)) -> 46737 | P36: Y | T36: =IF(ISNUMBER(R36),"Completed",IF(ISNUMBER(Q36),"In Progress","Not Started")) -> Not Started
A37: GWP-CIV-1120 | B37: GWP.C02.02 | C37: L4 | D37: GWP-L3-020 | E37: GWP-L3-020 | F37: Roads & Drainage | G37: Summary | H37: CIV | I37: Civil Supervisor | L37: =NETWORKDAYS.INTL(N37,O37,11) -> 141 | N37: =MIN(N38:N47) -> 46709 | O37: =MAX(O38:O47) -> 46872 | P37: N | Q37: =IF(COUNT(Q38:Q47)=0,"",MIN(Q38:Q47)) | R37: =IF(COUNTIFS(P38:P47,"Y")=COUNTIFS(P38:P47,"Y",R38:R47,">0"),MAX(R38:R47),"") | S37: =IFERROR(SUMPRODUCT((P38:P47="Y")*L38:L47*S38:S47)/SUMIFS(L38:L47,P38:P47,"Y"),0) -> 0 | T37: =IF(ISNUMBER(R37),"Completed",IF(ISNUMBER(Q37),"In Progress","Not Started")) -> Not Started
A38: GWP-CIV-1130 | B38: GWP.C02.02.01 | C38: L5 | D38: GWP-L3-020 | E38: GWP-CIV-1120 | F38: Storm Water Drainage | G38: Summary | H38: CIV | I38: Civil Supervisor | L38: =NETWORKDAYS.INTL(N38,O38,11) -> 38 | N38: =MIN(N39:N42) -> 46709 | O38: =MAX(O39:O42) -> 46752 | P38: N | Q38: =IF(COUNT(Q39:Q42)=0,"",MIN(Q39:Q42)) | R38: =IF(COUNTIFS(P39:P42,"Y")=COUNTIFS(P39:P42,"Y",R39:R42,">0"),MAX(R39:R42),"") | S38: =IFERROR(SUMPRODUCT((P39:P42="Y")*L39:L42*S39:S42)/SUMIFS(L39:L42,P39:P42,"Y"),0) -> 0 | T38: =IF(ISNUMBER(R38),"Completed",IF(ISNUMBER(Q38),"In Progress","Not Started")) -> Not Started
A39: GWP-CIV-1140 | B39: GWP.C02.02.01.01 | C39: L6 | D39: GWP-L3-020 | E39: GWP-CIV-1130 | F39: Excavate storm drain trenches | G39: Task | H39: CIV | I39: Civil Supervisor | J39: 900 | K39: RM | L39: 10 | M39: GWP-CIV-1050 FS | N39: =IF($L39=0,O30,WORKDAY.INTL(O30,1,11)) -> 46709 | O39: =IF(L39=0,N39,WORKDAY.INTL(N39,L39-1,11)) -> 46720 | P39: Y | T39: =IF(ISNUMBER(R39),"Completed",IF(ISNUMBER(Q39),"In Progress","Not Started")) -> Not Started
A40: GWP-CIV-1150 | B40: GWP.C02.02.01.02 | C40: L6 | D40: GWP-L3-020 | E40: GWP-CIV-1130 | F40: PCC bed for drains | G40: Task | H40: CIV | I40: Civil Supervisor | J40: 900 | K40: RM | L40: 6 | M40: GWP-CIV-1140 FS | N40: =IF($L40=0,O39,WORKDAY.INTL(O39,1,11)) -> 46721 | O40: =IF(L40=0,N40,WORKDAY.INTL(N40,L40-1,11)) -> 46727 | P40: Y | T40: =IF(ISNUMBER(R40),"Completed",IF(ISNUMBER(Q40),"In Progress","Not Started")) -> Not Started
A41: GWP-CIV-1160 | B41: GWP.C02.02.01.03 | C41: L6 | D41: GWP-L3-020 | E41: GWP-CIV-1130 | F41: Construct drain side walls (masonry/RCC) | G41: Task | H41: CIV | I41: Civil Supervisor | J41: 900 | K41: RM | L41: 16 | M41: GWP-CIV-1150 FS | N41: =IF($L41=0,O40,WORKDAY.INTL(O40,1,11)) -> 46728 | O41: =IF(L41=0,N41,WORKDAY.INTL(N41,L41-1,11)) -> 46745 | P41: Y | T41: =IF(ISNUMBER(R41),"Completed",IF(ISNUMBER(Q41),"In Progress","Not Started")) -> Not Started
A42: GWP-CIV-1170 | B42: GWP.C02.02.01.04 | C42: L6 | D42: GWP-L3-020 | E42: GWP-CIV-1130 | F42: Fix drain covers and gratings | G42: Task | H42: CIV | I42: Civil Supervisor | J42: 900 | K42: RM | L42: 6 | M42: GWP-CIV-1160 FS | N42: =IF($L42=0,O41,WORKDAY.INTL(O41,1,11)) -> 46746 | O42: =IF(L42=0,N42,WORKDAY.INTL(N42,L42-1,11)) -> 46752 | P42: Y | T42: =IF(ISNUMBER(R42),"Completed",IF(ISNUMBER(Q42),"In Progress","Not Started")) -> Not Started
A43: GWP-CIV-1180 | B43: GWP.C02.02.02 | C43: L5 | D43: GWP-L3-020 | E43: GWP-CIV-1120 | F43: Internal Roads | G43: Summary | H43: CIV | I43: Civil Supervisor | L43: =NETWORKDAYS.INTL(N43,O43,11) -> 141 | N43: =MIN(N44:N47) -> 46709 | O43: =MAX(O44:O47) -> 46872 | P43: N | Q43: =IF(COUNT(Q44:Q47)=0,"",MIN(Q44:Q47)) | R43: =IF(COUNTIFS(P44:P47,"Y")=COUNTIFS(P44:P47,"Y",R44:R47,">0"),MAX(R44:R47),"") | S43: =IFERROR(SUMPRODUCT((P44:P47="Y")*L44:L47*S44:S47)/SUMIFS(L44:L47,P44:P47,"Y"),0) -> 0 | T43: =IF(ISNUMBER(R43),"Completed",IF(ISNUMBER(Q43),"In Progress","Not Started")) -> Not Started
A44: GWP-CIV-1190 | B44: GWP.C02.02.02.01 | C44: L6 | D44: GWP-L3-020 | E44: GWP-CIV-1180 | F44: Subgrade preparation for internal roads | G44: Task | H44: CIV | I44: Civil Supervisor | J44: 6000 | K44: m2 | L44: 8 | M44: GWP-CIV-1050 FS | N44: =IF($L44=0,O30,WORKDAY.INTL(O30,1,11)) -> 46709 | O44: =IF(L44=0,N44,WORKDAY.INTL(N44,L44-1,11)) -> 46717 | P44: Y | T44: =IF(ISNUMBER(R44),"Completed",IF(ISNUMBER(Q44),"In Progress","Not Started")) -> Not Started
A45: GWP-CIV-1200 | B45: GWP.C02.02.02.02 | C45: L6 | D45: GWP-L3-020 | E45: GWP-CIV-1180 | F45: Lay granular sub-base (GSB) & WBM | G45: Task | H45: CIV | I45: Civil Supervisor | J45: 6000 | K45: m2 | L45: 10 | M45: GWP-CIV-1190 FS; GWP-PIP-1110 FS | N45: =MAX(IF($L45=0,O44,WORKDAY.INTL(O44,1,11)),IF($L45=0,O176,WORKDAY.INTL(O176,1,11))) -> 46737 | O45: =IF(L45=0,N45,WORKDAY.INTL(N45,L45-1,11)) -> 46748 | P45: Y | T45: =IF(ISNUMBER(R45),"Completed",IF(ISNUMBER(Q45),"In Progress","Not Started")) -> Not Started
A46: GWP-CIV-1210 | B46: GWP.C02.02.02.03 | C46: L6 | D46: GWP-L3-020 | E46: GWP-CIV-1180 | F46: Lay final concrete pavement & kerbs | G46: Task | H46: CIV | I46: Civil Supervisor | J46: 6000 | K46: m2 | L46: 14 | M46: GWP-CIV-1200 FS; GWP-MEC-1220 FS; GWP-CIV-1170 FS | N46: =MAX(IF($L46=0,O45,WORKDAY.INTL(O45,1,11)),IF($L46=0,O165,WORKDAY.INTL(O165,1,11)),IF($L46=0,O42,WORKDAY.INTL(O42,1,11))) -> 46854 | O46: =IF(L46=0,N46,WORKDAY.INTL(N46,L46-1,11)) -> 46869 | P46: Y | T46: =IF(ISNUMBER(R46),"Completed",IF(ISNUMBER(Q46),"In Progress","Not Started")) -> Not Started
A47: GWP-CIV-1220 | B47: GWP.C02.02.02.04 | C47: L6 | D47: GWP-L3-020 | E47: GWP-CIV-1180 | F47: Road marking & signage | G47: Task | H47: CIV | I47: Civil Supervisor | J47: 1 | K47: LS | L47: 3 | M47: GWP-CIV-1210 FS | N47: =IF($L47=0,O46,WORKDAY.INTL(O46,1,11)) -> 46870 | O47: =IF(L47=0,N47,WORKDAY.INTL(N47,L47-1,11)) -> 46872 | P47: Y | T47: =IF(ISNUMBER(R47),"Completed",IF(ISNUMBER(Q47),"In Progress","Not Started")) -> Not Started
A48: GWP-CIV-1230 | B48: GWP.C03.01 | C48: L4 | D48: GWP-L3-030 | E48: GWP-L3-030 | F48: Waste Receiving & Tipping Hall (Bldg B) | G48: Summary | H48: CIV | I48: Civil Supervisor | L48: =NETWORKDAYS.INTL(N48,O48,11) -> 50 | N48: =MIN(N49:N66) -> 46709 | O48: =MAX(O49:O66) -> 46766 | P48: N | Q48: =IF(COUNT(Q49:Q66)=0,"",MIN(Q49:Q66)) | R48: =IF(COUNTIFS(P49:P66,"Y")=COUNTIFS(P49:P66,"Y",R49:R66,">0"),MAX(R49:R66),"") | S48: =IFERROR(SUMPRODUCT((P49:P66="Y")*L49:L66*S49:S66)/SUMIFS(L49:L66,P49:P66,"Y"),0) -> 0 | T48: =IF(ISNUMBER(R48),"Completed",IF(ISNUMBER(Q48),"In Progress","Not Started")) -> Not Started
A49: GWP-CIV-1240 | B49: GWP.C03.01.01 | C49: L5 | D49: GWP-L3-030 | E49: GWP-CIV-1230 | F49: Foundations | G49: Summary | H49: CIV | I49: Civil Supervisor | L49: =NETWORKDAYS.INTL(N49,O49,11) -> 26 | N49: =MIN(N50:N54) -> 46709 | O49: =MAX(O50:O54) -> 46738 | P49: N | Q49: =IF(COUNT(Q50:Q54)=0,"",MIN(Q50:Q54)) | R49: =IF(COUNTIFS(P50:P54,"Y")=COUNTIFS(P50:P54,"Y",R50:R54,">0"),MAX(R50:R54),"") | S49: =IFERROR(SUMPRODUCT((P50:P54="Y")*L50:L54*S50:S54)/SUMIFS(L50:L54,P50:P54,"Y"),0) -> 0 | T49: =IF(ISNUMBER(R49),"Completed",IF(ISNUMBER(Q49),"In Progress","Not Started")) -> Not Started
A50: GWP-CIV-1250 | B50: GWP.C03.01.01.01 | C50: L6 | D50: GWP-L3-030 | E50: GWP-CIV-1240 | F50: Excavate for footings | G50: Task | H50: CIV | I50: Civil Supervisor | J50: 2200 | K50: m3 | L50: 6 | M50: GWP-CIV-1050 FS | N50: =IF($L50=0,O30,WORKDAY.INTL(O30,1,11)) -> 46709 | O50: =IF(L50=0,N50,WORKDAY.INTL(N50,L50-1,11)) -> 46715 | P50: Y | T50: =IF(ISNUMBER(R50),"Completed",IF(ISNUMBER(Q50),"In Progress","Not Started")) -> Not Started
A51: GWP-CIV-1260 | B51: GWP.C03.01.01.02 | C51: L6 | D51: GWP-L3-030 | E51: GWP-CIV-1240 | F51: Lay PCC below footings | G51: Task | H51: CIV | I51: Civil Supervisor | J51: 110 | K51: m3 | L51: 3 | M51: GWP-CIV-1250 FS | N51: =IF($L51=0,O50,WORKDAY.INTL(O50,1,11)) -> 46716 | O51: =IF(L51=0,N51,WORKDAY.INTL(N51,L51-1,11)) -> 46718 | P51: Y | T51: =IF(ISNUMBER(R51),"Completed",IF(ISNUMBER(Q51),"In Progress","Not Started")) -> Not Started
A52: GWP-CIV-1270 | B52: GWP.C03.01.01.03 | C52: L6 | D52: GWP-L3-030 | E52: GWP-CIV-1240 | F52: Footing reinforcement & shuttering | G52: Task | H52: CIV | I52: Civil Supervisor | J52: 38 | K52: MT | L52: 8 | M52: GWP-CIV-1260 FS | N52: =IF($L52=0,O51,WORKDAY.INTL(O51,1,11)) -> 46720 | O52: =IF(L52=0,N52,WORKDAY.INTL(N52,L52-1,11)) -> 46728 | P52: Y | T52: =IF(ISNUMBER(R52),"Completed",IF(ISNUMBER(Q52),"In Progress","Not Started")) -> Not Started
A53: GWP-CIV-1280 | B53: GWP.C03.01.01.04 | C53: L6 | D53: GWP-L3-030 | E53: GWP-CIV-1240 | F53: Footing concreting (M25) | G53: Task | H53: CIV | I53: Civil Supervisor | J53: 360 | K53: m3 | L53: 5 | M53: GWP-CIV-1270 FS | N53: =IF($L53=0,O52,WORKDAY.INTL(O52,1,11)) -> 46729 | O53: =IF(L53=0,N53,WORKDAY.INTL(N53,L53-1,11)) -> 46734 | P53: Y | T53: =IF(ISNUMBER(R53),"Completed",IF(ISNUMBER(Q53),"In Progress","Not Started")) -> Not Started
A54: GWP-CIV-1290 | B54: GWP.C03.01.01.05 | C54: L6 | D54: GWP-L3-030 | E54: GWP-CIV-1240 | F54: Backfill & compaction around footings | G54: Task | H54: CIV | I54: Civil Supervisor | J54: 1400 | K54: m3 | L54: 4 | M54: GWP-CIV-1280 FS | N54: =IF($L54=0,O53,WORKDAY.INTL(O53,1,11)) -> 46735 | O54: =IF(L54=0,N54,WORKDAY.INTL(N54,L54-1,11)) -> 46738 | P54: Y | T54: =IF(ISNUMBER(R54),"Completed",IF(ISNUMBER(Q54),"In Progress","Not Started")) -> Not Started
A55: GWP-CIV-1300 | B55: GWP.C03.01.02 | C55: L5 | D55: GWP-L3-030 | E55: GWP-CIV-1230 | F55: Tipping Pit & Hopper Walls | G55: Summary | H55: CIV | I55: Civil Supervisor | L55: =NETWORKDAYS.INTL(N55,O55,11) -> 40 | N55: =MIN(N56:N61) -> 46709 | O55: =MAX(O56:O61) -> 46755 | P55: N | Q55: =IF(COUNT(Q56:Q61)=0,"",MIN(Q56:Q61)) | R55: =IF(COUNTIFS(P56:P61,"Y")=COUNTIFS(P56:P61,"Y",R56:R61,">0"),MAX(R56:R61),"") | S55: =IFERROR(SUMPRODUCT((P56:P61="Y")*L56:L61*S56:S61)/SUMIFS(L56:L61,P56:P61,"Y"),0) -> 0 | T55: =IF(ISNUMBER(R55),"Completed",IF(ISNUMBER(Q55),"In Progress","Not Started")) -> Not Started
A56: GWP-CIV-1310 | B56: GWP.C03.01.02.01 | C56: L6 | D56: GWP-L3-030 | E56: GWP-CIV-1300 | F56: Excavate tipping pit with shoring | G56: Task | H56: CIV | I56: Civil Supervisor | J56: 1500 | K56: m3 | L56: 8 | M56: GWP-CIV-1050 FS | N56: =IF($L56=0,O30,WORKDAY.INTL(O30,1,11)) -> 46709 | O56: =IF(L56=0,N56,WORKDAY.INTL(N56,L56-1,11)) -> 46717 | P56: Y | T56: =IF(ISNUMBER(R56),"Completed",IF(ISNUMBER(Q56),"In Progress","Not Started")) -> Not Started
A57: GWP-CIV-1320 | B57: GWP.C03.01.02.02 | C57: L6 | D57: GWP-L3-030 | E57: GWP-CIV-1300 | F57: Pit raft reinforcement & shuttering | G57: Task | H57: CIV | I57: Civil Supervisor | J57: 45 | K57: MT | L57: 6 | M57: GWP-CIV-1310 FS | N57: =IF($L57=0,O56,WORKDAY.INTL(O56,1,11)) -> 46718 | O57: =IF(L57=0,N57,WORKDAY.INTL(N57,L57-1,11)) -> 46724 | P57: Y | T57: =IF(ISNUMBER(R57),"Completed",IF(ISNUMBER(Q57),"In Progress","Not Started")) -> Not Started
A58: GWP-CIV-1330 | B58: GWP.C03.01.02.03 | C58: L6 | D58: GWP-L3-030 | E58: GWP-CIV-1300 | F58: Pit raft concreting | G58: Task | H58: CIV | I58: Civil Supervisor | J58: 280 | K58: m3 | L58: 4 | M58: GWP-CIV-1320 FS | N58: =IF($L58=0,O57,WORKDAY.INTL(O57,1,11)) -> 46725 | O58: =IF(L58=0,N58,WORKDAY.INTL(N58,L58-1,11)) -> 46729 | P58: Y | T58: =IF(ISNUMBER(R58),"Completed",IF(ISNUMBER(Q58),"In Progress","Not Started")) -> Not Started
A59: GWP-CIV-1340 | B59: GWP.C03.01.02.04 | C59: L6 | D59: GWP-L3-030 | E59: GWP-CIV-1300 | F59: Pit wall reinforcement & shuttering | G59: Task | H59: CIV | I59: Civil Supervisor | J59: 60 | K59: MT | L59: 10 | M59: GWP-CIV-1330 FS | N59: =IF($L59=0,O58,WORKDAY.INTL(O58,1,11)) -> 46730 | O59: =IF(L59=0,N59,WORKDAY.INTL(N59,L59-1,11)) -> 46741 | P59: Y | T59: =IF(ISNUMBER(R59),"Completed",IF(ISNUMBER(Q59),"In Progress","Not Started")) -> Not Started
A60: GWP-CIV-1350 | B60: GWP.C03.01.02.05 | C60: L6 | D60: GWP-L3-030 | E60: GWP-CIV-1300 | F60: Pit wall concreting | G60: Task | H60: CIV | I60: Civil Supervisor | J60: 320 | K60: m3 | L60: 5 | M60: GWP-CIV-1340 FS | N60: =IF($L60=0,O59,WORKDAY.INTL(O59,1,11)) -> 46742 | O60: =IF(L60=0,N60,WORKDAY.INTL(N60,L60-1,11)) -> 46746 | P60: Y | T60: =IF(ISNUMBER(R60),"Completed",IF(ISNUMBER(Q60),"In Progress","Not Started")) -> Not Started
A61: GWP-CIV-1360 | B61: GWP.C03.01.02.06 | C61: L6 | D61: GWP-L3-030 | E61: GWP-CIV-1300 | F61: Waterproofing & protective coating of pit | G61: Task | H61: CIV | I61: Civil Supervisor | J61: 1400 | K61: m2 | L61: 7 | M61: GWP-CIV-1350 FS | N61: =IF($L61=0,O60,WORKDAY.INTL(O60,1,11)) -> 46748 | O61: =IF(L61=0,N61,WORKDAY.INTL(N61,L61-1,11)) -> 46755 | P61: Y | T61: =IF(ISNUMBER(R61),"Completed",IF(ISNUMBER(Q61),"In Progress","Not Started")) -> Not Started
A62: GWP-CIV-1370 | B62: GWP.C03.01.03 | C62: L5 | D62: GWP-L3-030 | E62: GWP-CIV-1230 | F62: Superstructure & Floors | G62: Summary | H62: CIV | I62: Civil Supervisor | L62: =NETWORKDAYS.INTL(N62,O62,11) -> 24 | N62: =MIN(N63:N66) -> 46739 | O62: =MAX(O63:O66) -> 46766 | P62: N | Q62: =IF(COUNT(Q63:Q66)=0,"",MIN(Q63:Q66)) | R62: =IF(COUNTIFS(P63:P66,"Y")=COUNTIFS(P63:P66,"Y",R63:R66,">0"),MAX(R63:R66),"") | S62: =IFERROR(SUMPRODUCT((P63:P66="Y")*L63:L66*S63:S66)/SUMIFS(L63:L66,P63:P66,"Y"),0) -> 0 | T62: =IF(ISNUMBER(R62),"Completed",IF(ISNUMBER(Q62),"In Progress","Not Started")) -> Not Started
A63: GWP-CIV-1380 | B63: GWP.C03.01.03.01 | C63: L6 | D63: GWP-L3-030 | E63: GWP-CIV-1370 | F63: Column reinforcement & shuttering | G63: Task | H63: CIV | I63: Civil Supervisor | J63: 42 | K63: MT | L63: 10 | M63: GWP-CIV-1290 FS | N63: =IF($L63=0,O54,WORKDAY.INTL(O54,1,11)) -> 46739 | O63: =IF(L63=0,N63,WORKDAY.INTL(N63,L63-1,11)) -> 46750 | P63: Y | T63: =IF(ISNUMBER(R63),"Completed",IF(ISNUMBER(Q63),"In Progress","Not Started")) -> Not Started
A64: GWP-CIV-1390 | B64: GWP.C03.01.03.02 | C64: L6 | D64: GWP-L3-030 | E64: GWP-CIV-1370 | F64: Column concreting | G64: Task | H64: CIV | I64: Civil Supervisor | J64: 180 | K64: m3 | L64: 4 | M64: GWP-CIV-1380 FS | N64: =IF($L64=0,O63,WORKDAY.INTL(O63,1,11)) -> 46751 | O64: =IF(L64=0,N64,WORKDAY.INTL(N64,L64-1,11)) -> 46755 | P64: Y | T64: =IF(ISNUMBER(R64),"Completed",IF(ISNUMBER(Q64),"In Progress","Not Started")) -> Not Started
A65: GWP-CIV-1400 | B65: GWP.C03.01.03.03 | C65: L6 | D65: GWP-L3-030 | E65: GWP-CIV-1370 | F65: Plinth beam & floor slab | G65: Task | H65: CIV | I65: Civil Supervisor | J65: 420 | K65: m3 | L65: 10 | M65: GWP-CIV-1390 FS; GWP-CIV-1350 FS | N65: =MAX(IF($L65=0,O64,WORKDAY.INTL(O64,1,11)),IF($L65=0,O60,WORKDAY.INTL(O60,1,11))) -> 46756 | O65: =IF(L65=0,N65,WORKDAY.INTL(N65,L65-1,11)) -> 46766 | P65: Y | T65: =IF(ISNUMBER(R65),"Completed",IF(ISNUMBER(Q65),"In Progress","Not Started")) -> Not Started
A66: GWP-CIV-1410 | B66: GWP.C03.01.03.04 | C66: L6 | D66: GWP-L3-030 | E66: GWP-CIV-1370 | F66: Approach ramp & retaining wall | G66: Task | H66: CIV | I66: Civil Supervisor | J66: 260 | K66: m3 | L66: 8 | M66: GWP-CIV-1350 FS | N66: =IF($L66=0,O60,WORKDAY.INTL(O60,1,11)) -> 46748 | O66: =IF(L66=0,N66,WORKDAY.INTL(N66,L66-1,11)) -> 46756 | P66: Y | T66: =IF(ISNUMBER(R66),"Completed",IF(ISNUMBER(Q66),"In Progress","Not Started")) -> Not Started
A67: GWP-CIV-1420 | B67: GWP.C03.02 | C67: L4 | D67: GWP-L3-030 | E67: GWP-L3-030 | F67: Segregation & Processing Building (Bldg C) | G67: Summary | H67: CIV | I67: Civil Supervisor | L67: =NETWORKDAYS.INTL(N67,O67,11) -> 70 | N67: =MIN(N68:N83) -> 46709 | O67: =MAX(O68:O83) -> 46790 | P67: N | Q67: =IF(COUNT(Q68:Q83)=0,"",MIN(Q68:Q83)) | R67: =IF(COUNTIFS(P68:P83,"Y")=COUNTIFS(P68:P83,"Y",R68:R83,">0"),MAX(R68:R83),"") | S67: =IFERROR(SUMPRODUCT((P68:P83="Y")*L68:L83*S68:S83)/SUMIFS(L68:L83,P68:P83,"Y"),0) -> 0 | T67: =IF(ISNUMBER(R67),"Completed",IF(ISNUMBER(Q67),"In Progress","Not Started")) -> Not Started
A68: GWP-CIV-1430 | B68: GWP.C03.02.01 | C68: L5 | D68: GWP-L3-030 | E68: GWP-CIV-1420 | F68: Foundations | G68: Summary | H68: CIV | I68: Civil Supervisor | L68: =NETWORKDAYS.INTL(N68,O68,11) -> 33 | N68: =MIN(N69:N73) -> 46709 | O68: =MAX(O69:O73) -> 46746 | P68: N | Q68: =IF(COUNT(Q69:Q73)=0,"",MIN(Q69:Q73)) | R68: =IF(COUNTIFS(P69:P73,"Y")=COUNTIFS(P69:P73,"Y",R69:R73,">0"),MAX(R69:R73),"") | S68: =IFERROR(SUMPRODUCT((P69:P73="Y")*L69:L73*S69:S73)/SUMIFS(L69:L73,P69:P73,"Y"),0) -> 0 | T68: =IF(ISNUMBER(R68),"Completed",IF(ISNUMBER(Q68),"In Progress","Not Started")) -> Not Started
A69: GWP-CIV-1440 | B69: GWP.C03.02.01.01 | C69: L6 | D69: GWP-L3-030 | E69: GWP-CIV-1430 | F69: Excavate for footings | G69: Task | H69: CIV | I69: Civil Supervisor | J69: 3100 | K69: m3 | L69: 8 | M69: GWP-CIV-1050 FS | N69: =IF($L69=0,O30,WORKDAY.INTL(O30,1,11)) -> 46709 | O69: =IF(L69=0,N69,WORKDAY.INTL(N69,L69-1,11)) -> 46717 | P69: Y | T69: =IF(ISNUMBER(R69),"Completed",IF(ISNUMBER(Q69),"In Progress","Not Started")) -> Not Started
A70: GWP-CIV-1450 | B70: GWP.C03.02.01.02 | C70: L6 | D70: GWP-L3-030 | E70: GWP-CIV-1430 | F70: Lay PCC below footings | G70: Task | H70: CIV | I70: Civil Supervisor | J70: 150 | K70: m3 | L70: 4 | M70: GWP-CIV-1440 FS | N70: =IF($L70=0,O69,WORKDAY.INTL(O69,1,11)) -> 46718 | O70: =IF(L70=0,N70,WORKDAY.INTL(N70,L70-1,11)) -> 46722 | P70: Y | T70: =IF(ISNUMBER(R70),"Completed",IF(ISNUMBER(Q70),"In Progress","Not Started")) -> Not Started
A71: GWP-CIV-1460 | B71: GWP.C03.02.01.03 | C71: L6 | D71: GWP-L3-030 | E71: GWP-CIV-1430 | F71: Footing reinforcement & shuttering | G71: Task | H71: CIV | I71: Civil Supervisor | J71: 55 | K71: MT | L71: 10 | M71: GWP-CIV-1450 FS | N71: =IF($L71=0,O70,WORKDAY.INTL(O70,1,11)) -> 46723 | O71: =IF(L71=0,N71,WORKDAY.INTL(N71,L71-1,11)) -> 46734 | P71: Y | T71: =IF(ISNUMBER(R71),"Completed",IF(ISNUMBER(Q71),"In Progress","Not Started")) -> Not Started
A72: GWP-CIV-1470 | B72: GWP.C03.02.01.04 | C72: L6 | D72: GWP-L3-030 | E72: GWP-CIV-1430 | F72: Footing concreting (M25) | G72: Task | H72: CIV | I72: Civil Supervisor | J72: 520 | K72: m3 | L72: 6 | M72: GWP-CIV-1460 FS | N72: =IF($L72=0,O71,WORKDAY.INTL(O71,1,11)) -> 46735 | O72: =IF(L72=0,N72,WORKDAY.INTL(N72,L72-1,11)) -> 46741 | P72: Y | T72: =IF(ISNUMBER(R72),"Completed",IF(ISNUMBER(Q72),"In Progress","Not Started")) -> Not Started
A73: GWP-CIV-1480 | B73: GWP.C03.02.01.05 | C73: L6 | D73: GWP-L3-030 | E73: GWP-CIV-1430 | F73: Backfill & compaction around footings | G73: Task | H73: CIV | I73: Civil Supervisor | J73: 2000 | K73: m3 | L73: 5 | M73: GWP-CIV-1470 FS | N73: =IF($L73=0,O72,WORKDAY.INTL(O72,1,11)) -> 46742 | O73: =IF(L73=0,N73,WORKDAY.INTL(N73,L73-1,11)) -> 46746 | P73: Y | T73: =IF(ISNUMBER(R73),"Completed",IF(ISNUMBER(Q73),"In Progress","Not Started")) -> Not Started
A74: GWP-CIV-1490 | B74: GWP.C03.02.02 | C74: L5 | D74: GWP-L3-030 | E74: GWP-CIV-1420 | F74: Equipment Foundations & Pedestals | G74: Summary | H74: CIV | I74: Civil Supervisor | L74: =NETWORKDAYS.INTL(N74,O74,11) -> 12 | N74: =MIN(N75:N78) -> 46748 | O74: =MAX(O75:O78) -> 46760 | P74: N | Q74: =IF(COUNT(Q75:Q78)=0,"",MIN(Q75:Q78)) | R74: =IF(COUNTIFS(P75:P78,"Y")=COUNTIFS(P75:P78,"Y",R75:R78,">0"),MAX(R75:R78),"") | S74: =IFERROR(SUMPRODUCT((P75:P78="Y")*L75:L78*S75:S78)/SUMIFS(L75:L78,P75:P78,"Y"),0) -> 0 | T74: =IF(ISNUMBER(R74),"Completed",IF(ISNUMBER(Q74),"In Progress","Not Started")) -> Not Started
A75: GWP-CIV-1500 | B75: GWP.C03.02.02.01 | C75: L6 | D75: GWP-L3-030 | E75: GWP-CIV-1490 | F75: Trommel screen foundation with anchor bolts | G75: Task | H75: CIV | I75: Civil Supervisor | J75: 45 | K75: m3 | L75: 7 | M75: GWP-CIV-1480 FS | N75: =IF($L75=0,O73,WORKDAY.INTL(O73,1,11)) -> 46748 | O75: =IF(L75=0,N75,WORKDAY.INTL(N75,L75-1,11)) -> 46755 | P75: Y | T75: =IF(ISNUMBER(R75),"Completed",IF(ISNUMBER(Q75),"In Progress","Not Started")) -> Not Started
A76: GWP-CIV-1510 | B76: GWP.C03.02.02.02 | C76: L6 | D76: GWP-L3-030 | E76: GWP-CIV-1490 | F76: Conveyor support pedestals | G76: Task | H76: CIV | I76: Civil Supervisor | J76: 60 | K76: m3 | L76: 8 | M76: GWP-CIV-1480 FS | N76: =IF($L76=0,O73,WORKDAY.INTL(O73,1,11)) -> 46748 | O76: =IF(L76=0,N76,WORKDAY.INTL(N76,L76-1,11)) -> 46756 | P76: Y | T76: =IF(ISNUMBER(R76),"Completed",IF(ISNUMBER(Q76),"In Progress","Not Started")) -> Not Started
A77: GWP-CIV-1520 | B77: GWP.C03.02.02.03 | C77: L6 | D77: GWP-L3-030 | E77: GWP-CIV-1490 | F77: Shredder & baling press foundations with anchor bolts | G77: Task | H77: CIV | I77: Civil Supervisor | J77: 110 | K77: m3 | L77: 9 | M77: GWP-CIV-1480 FS | N77: =IF($L77=0,O73,WORKDAY.INTL(O73,1,11)) -> 46748 | O77: =IF(L77=0,N77,WORKDAY.INTL(N77,L77-1,11)) -> 46757 | P77: Y | T77: =IF(ISNUMBER(R77),"Completed",IF(ISNUMBER(Q77),"In Progress","Not Started")) -> Not Started
A78: GWP-CIV-1530 | B78: GWP.C03.02.02.04 | C78: L6 | D78: GWP-L3-030 | E78: GWP-CIV-1490 | F78: Survey check of anchor bolts & foundation levels | G78: Task | H78: CIV | I78: Civil Supervisor | J78: 1 | K78: LS | L78: 3 | M78: GWP-CIV-1500 FS; GWP-CIV-1510 FS; GWP-CIV-1520 FS | N78: =MAX(IF($L78=0,O75,WORKDAY.INTL(O75,1,11)),IF($L78=0,O76,WORKDAY.INTL(O76,1,11)),IF($L78=0,O77,WORKDAY.INTL(O77,1,11))) -> 46758 | O78: =IF(L78=0,N78,WORKDAY.INTL(N78,L78-1,11)) -> 46760 | P78: Y | T78: =IF(ISNUMBER(R78),"Completed",IF(ISNUMBER(Q78),"In Progress","Not Started")) -> Not Started
A79: GWP-CIV-1540 | B79: GWP.C03.02.03 | C79: L5 | D79: GWP-L3-030 | E79: GWP-CIV-1420 | F79: Superstructure & Floors | G79: Summary | H79: CIV | I79: Civil Supervisor | L79: =NETWORKDAYS.INTL(N79,O79,11) -> 37 | N79: =MIN(N80:N83) -> 46748 | O79: =MAX(O80:O83) -> 46790 | P79: N | Q79: =IF(COUNT(Q80:Q83)=0,"",MIN(Q80:Q83)) | R79: =IF(COUNTIFS(P80:P83,"Y")=COUNTIFS(P80:P83,"Y",R80:R83,">0"),MAX(R80:R83),"") | S79: =IFERROR(SUMPRODUCT((P80:P83="Y")*L80:L83*S80:S83)/SUMIFS(L80:L83,P80:P83,"Y"),0) -> 0 | T79: =IF(ISNUMBER(R79),"Completed",IF(ISNUMBER(Q79),"In Progress","Not Started")) -> Not Started
A80: GWP-CIV-1550 | B80: GWP.C03.02.03.01 | C80: L6 | D80: GWP-L3-030 | E80: GWP-CIV-1540 | F80: Column reinforcement & shuttering | G80: Task | H80: CIV | I80: Civil Supervisor | J80: 60 | K80: MT | L80: 10 | M80: GWP-CIV-1480 FS | N80: =IF($L80=0,O73,WORKDAY.INTL(O73,1,11)) -> 46748 | O80: =IF(L80=0,N80,WORKDAY.INTL(N80,L80-1,11)) -> 46758 | P80: Y | T80: =IF(ISNUMBER(R80),"Completed",IF(ISNUMBER(Q80),"In Progress","Not Started")) -> Not Started
A81: GWP-CIV-1560 | B81: GWP.C03.02.03.02 | C81: L6 | D81: GWP-L3-030 | E81: GWP-CIV-1540 | F81: Column concreting | G81: Task | H81: CIV | I81: Civil Supervisor | J81: 260 | K81: m3 | L81: 5 | M81: GWP-CIV-1550 FS | N81: =IF($L81=0,O80,WORKDAY.INTL(O80,1,11)) -> 46759 | O81: =IF(L81=0,N81,WORKDAY.INTL(N81,L81-1,11)) -> 46764 | P81: Y | T81: =IF(ISNUMBER(R81),"Completed",IF(ISNUMBER(Q81),"In Progress","Not Started")) -> Not Started
A82: GWP-CIV-1570 | B82: GWP.C03.02.03.03 | C82: L6 | D82: GWP-L3-030 | E82: GWP-CIV-1540 | F82: Plinth beam & floor slab | G82: Task | H82: CIV | I82: Civil Supervisor | J82: 700 | K82: m3 | L82: 10 | M82: GWP-CIV-1560 FS | N82: =IF($L82=0,O81,WORKDAY.INTL(O81,1,11)) -> 46765 | O82: =IF(L82=0,N82,WORKDAY.INTL(N82,L82-1,11)) -> 46776 | P82: Y | T82: =IF(ISNUMBER(R82),"Completed",IF(ISNUMBER(Q82),"In Progress","Not Started")) -> Not Started
A83: GWP-CIV-1580 | B83: GWP.C03.02.03.04 | C83: L6 | D83: GWP-L3-030 | E83: GWP-CIV-1540 | F83: Brick infill masonry | G83: Task | H83: CIV | I83: Civil Supervisor | J83: 1800 | K83: m2 | L83: 12 | M83: GWP-CIV-1570 FS | N83: =IF($L83=0,O82,WORKDAY.INTL(O82,1,11)) -> 46777 | O83: =IF(L83=0,N83,WORKDAY.INTL(N83,L83-1,11)) -> 46790 | P83: Y | T83: =IF(ISNUMBER(R83),"Completed",IF(ISNUMBER(Q83),"In Progress","Not Started")) -> Not Started
A84: GWP-CIV-1590 | B84: GWP.C04.01 | C84: L4 | D84: GWP-L3-040 | E84: GWP-L3-040 | F84: Composting Yard | G84: Summary | H84: CIV | I84: Civil Supervisor | L84: =NETWORKDAYS.INTL(N84,O84,11) -> 38 | N84: =MIN(N85:N91) -> 46709 | O84: =MAX(O85:O91) -> 46752 | P84: N | Q84: =IF(COUNT(Q85:Q91)=0,"",MIN(Q85:Q91)) | R84: =IF(COUNTIFS(P85:P91,"Y")=COUNTIFS(P85:P91,"Y",R85:R91,">0"),MAX(R85:R91),"") | S84: =IFERROR(SUMPRODUCT((P85:P91="Y")*L85:L91*S85:S91)/SUMIFS(L85:L91,P85:P91,"Y"),0) -> 0 | T84: =IF(ISNUMBER(R84),"Completed",IF(ISNUMBER(Q84),"In Progress","Not Started")) -> Not Started
A85: GWP-CIV-1600 | B85: GWP.C04.01.01 | C85: L5 | D85: GWP-L3-040 | E85: GWP-CIV-1590 | F85: Windrow Platform | G85: Summary | H85: CIV | I85: Civil Supervisor | L85: =NETWORKDAYS.INTL(N85,O85,11) -> 38 | N85: =MIN(N86:N91) -> 46709 | O85: =MAX(O86:O91) -> 46752 | P85: N | Q85: =IF(COUNT(Q86:Q91)=0,"",MIN(Q86:Q91)) | R85: =IF(COUNTIFS(P86:P91,"Y")=COUNTIFS(P86:P91,"Y",R86:R91,">0"),MAX(R86:R91),"") | S85: =IFERROR(SUMPRODUCT((P86:P91="Y")*L86:L91*S86:S91)/SUMIFS(L86:L91,P86:P91,"Y"),0) -> 0 | T85: =IF(ISNUMBER(R85),"Completed",IF(ISNUMBER(Q85),"In Progress","Not Started")) -> Not Started
A86: GWP-CIV-1610 | B86: GWP.C04.01.01.01 | C86: L6 | D86: GWP-L3-040 | E86: GWP-CIV-1600 | F86: Excavation & levelling for compost platform | G86: Task | H86: CIV | I86: Civil Supervisor | J86: 6000 | K86: m2 | L86: 6 | M86: GWP-CIV-1050 FS | N86: =IF($L86=0,O30,WORKDAY.INTL(O30,1,11)) -> 46709 | O86: =IF(L86=0,N86,WORKDAY.INTL(N86,L86-1,11)) -> 46715 | P86: Y | T86: =IF(ISNUMBER(R86),"Completed",IF(ISNUMBER(Q86),"In Progress","Not Started")) -> Not Started
A87: GWP-CIV-1620 | B87: GWP.C04.01.01.02 | C87: L6 | D87: GWP-L3-040 | E87: GWP-CIV-1600 | F87: Sub-base & compaction | G87: Task | H87: CIV | I87: Civil Supervisor | J87: 6000 | K87: m2 | L87: 5 | M87: GWP-CIV-1610 FS | N87: =IF($L87=0,O86,WORKDAY.INTL(O86,1,11)) -> 46716 | O87: =IF(L87=0,N87,WORKDAY.INTL(N87,L87-1,11)) -> 46721 | P87: Y | T87: =IF(ISNUMBER(R87),"Completed",IF(ISNUMBER(Q87),"In Progress","Not Started")) -> Not Started
A88: GWP-CIV-1630 | B88: GWP.C04.01.01.03 | C88: L6 | D88: GWP-L3-040 | E88: GWP-CIV-1600 | F88: PCC & waterproofing membrane | G88: Task | H88: CIV | I88: Civil Supervisor | J88: 6000 | K88: m2 | L88: 5 | M88: GWP-CIV-1620 FS | N88: =IF($L88=0,O87,WORKDAY.INTL(O87,1,11)) -> 46722 | O88: =IF(L88=0,N88,WORKDAY.INTL(N88,L88-1,11)) -> 46727 | P88: Y | T88: =IF(ISNUMBER(R88),"Completed",IF(ISNUMBER(Q88),"In Progress","Not Started")) -> Not Started
A89: GWP-CIV-1640 | B89: GWP.C04.01.01.04 | C89: L6 | D89: GWP-L3-040 | E89: GWP-CIV-1600 | F89: Reinforced concrete platform slab (bay-wise) | G89: Task | H89: CIV | I89: Civil Supervisor | J89: 900 | K89: m3 | L89: 14 | M89: GWP-CIV-1630 FS | N89: =IF($L89=0,O88,WORKDAY.INTL(O88,1,11)) -> 46728 | O89: =IF(L89=0,N89,WORKDAY.INTL(N89,L89-1,11)) -> 46743 | P89: Y | T89: =IF(ISNUMBER(R89),"Completed",IF(ISNUMBER(Q89),"In Progress","Not Started")) -> Not Started
A90: GWP-CIV-1650 | B90: GWP.C04.01.01.05 | C90: L6 | D90: GWP-L3-040 | E90: GWP-CIV-1600 | F90: Leachate collection channels & sump connection | G90: Task | H90: CIV | I90: Civil Supervisor | J90: 400 | K90: RM | L90: 8 | M90: GWP-CIV-1640 SS+6 | N90: =WORKDAY.INTL(N89,6,11) -> 46735 | O90: =IF(L90=0,N90,WORKDAY.INTL(N90,L90-1,11)) -> 46743 | P90: Y | T90: =IF(ISNUMBER(R90),"Completed",IF(ISNUMBER(Q90),"In Progress","Not Started")) -> Not Started
A91: GWP-CIV-1660 | B91: GWP.C04.01.01.06 | C91: L6 | D91: GWP-L3-040 | E91: GWP-CIV-1600 | F91: Bay dividing walls | G91: Task | H91: CIV | I91: Civil Supervisor | J91: 320 | K91: RM | L91: 8 | M91: GWP-CIV-1640 FS | N91: =IF($L91=0,O89,WORKDAY.INTL(O89,1,11)) -> 46744 | O91: =IF(L91=0,N91,WORKDAY.INTL(N91,L91-1,11)) -> 46752 | P91: Y | T91: =IF(ISNUMBER(R91),"Completed",IF(ISNUMBER(Q91),"In Progress","Not Started")) -> Not Started
A92: GWP-CIV-1670 | B92: GWP.C04.02 | C92: L4 | D92: GWP-L3-040 | E92: GWP-L3-040 | F92: RDF Storage Shed | G92: Summary | H92: CIV | I92: Civil Supervisor | L92: =NETWORKDAYS.INTL(N92,O92,11) -> 27 | N92: =MIN(N93:N97) -> 46709 | O92: =MAX(O93:O97) -> 46739 | P92: N | Q92: =IF(COUNT(Q93:Q97)=0,"",MIN(Q93:Q97)) | R92: =IF(COUNTIFS(P93:P97,"Y")=COUNTIFS(P93:P97,"Y",R93:R97,">0"),MAX(R93:R97),"") | S92: =IFERROR(SUMPRODUCT((P93:P97="Y")*L93:L97*S93:S97)/SUMIFS(L93:L97,P93:P97,"Y"),0) -> 0 | T92: =IF(ISNUMBER(R92),"Completed",IF(ISNUMBER(Q92),"In Progress","Not Started")) -> Not Started
A93: GWP-CIV-1680 | B93: GWP.C04.02.01 | C93: L5 | D93: GWP-L3-040 | E93: GWP-CIV-1670 | F93: Foundations & Floor | G93: Summary | H93: CIV | I93: Civil Supervisor | L93: =NETWORKDAYS.INTL(N93,O93,11) -> 27 | N93: =MIN(N94:N97) -> 46709 | O93: =MAX(O94:O97) -> 46739 | P93: N | Q93: =IF(COUNT(Q94:Q97)=0,"",MIN(Q94:Q97)) | R93: =IF(COUNTIFS(P94:P97,"Y")=COUNTIFS(P94:P97,"Y",R94:R97,">0"),MAX(R94:R97),"") | S93: =IFERROR(SUMPRODUCT((P94:P97="Y")*L94:L97*S94:S97)/SUMIFS(L94:L97,P94:P97,"Y"),0) -> 0 | T93: =IF(ISNUMBER(R93),"Completed",IF(ISNUMBER(Q93),"In Progress","Not Started")) -> Not Started
A94: GWP-CIV-1690 | B94: GWP.C04.02.01.01 | C94: L6 | D94: GWP-L3-040 | E94: GWP-CIV-1680 | F94: Footing excavation | G94: Task | H94: CIV | I94: Civil Supervisor | J94: 600 | K94: m3 | L94: 5 | M94: GWP-CIV-1050 FS | N94: =IF($L94=0,O30,WORKDAY.INTL(O30,1,11)) -> 46709 | O94: =IF(L94=0,N94,WORKDAY.INTL(N94,L94-1,11)) -> 46714 | P94: Y | T94: =IF(ISNUMBER(R94),"Completed",IF(ISNUMBER(Q94),"In Progress","Not Started")) -> Not Started
A95: GWP-CIV-1700 | B95: GWP.C04.02.01.02 | C95: L6 | D95: GWP-L3-040 | E95: GWP-CIV-1680 | F95: Footing PCC, reinforcement & concreting | G95: Task | H95: CIV | I95: Civil Supervisor | J95: 90 | K95: m3 | L95: 9 | M95: GWP-CIV-1690 FS | N95: =IF($L95=0,O94,WORKDAY.INTL(O94,1,11)) -> 46715 | O95: =IF(L95=0,N95,WORKDAY.INTL(N95,L95-1,11)) -> 46724 | P95: Y | T95: =IF(ISNUMBER(R95),"Completed",IF(ISNUMBER(Q95),"In Progress","Not Started")) -> Not Started
A96: GWP-CIV-1710 | B96: GWP.C04.02.01.03 | C96: L6 | D96: GWP-L3-040 | E96: GWP-CIV-1680 | F96: Shed floor slab | G96: Task | H96: CIV | I96: Civil Supervisor | J96: 240 | K96: m3 | L96: 8 | M96: GWP-CIV-1700 FS | N96: =IF($L96=0,O95,WORKDAY.INTL(O95,1,11)) -> 46725 | O96: =IF(L96=0,N96,WORKDAY.INTL(N96,L96-1,11)) -> 46734 | P96: Y | T96: =IF(ISNUMBER(R96),"Completed",IF(ISNUMBER(Q96),"In Progress","Not Started")) -> Not Started
A97: GWP-CIV-1720 | B97: GWP.C04.02.01.04 | C97: L6 | D97: GWP-L3-040 | E97: GWP-CIV-1680 | F97: Loading dock & ramp | G97: Task | H97: CIV | I97: Civil Supervisor | J97: 60 | K97: m3 | L97: 5 | M97: GWP-CIV-1710 FS | N97: =IF($L97=0,O96,WORKDAY.INTL(O96,1,11)) -> 46735 | O97: =IF(L97=0,N97,WORKDAY.INTL(N97,L97-1,11)) -> 46739 | P97: Y | T97: =IF(ISNUMBER(R97),"Completed",IF(ISNUMBER(Q97),"In Progress","Not Started")) -> Not Started
A98: GWP-CIV-1730 | B98: GWP.C04.03 | C98: L4 | D98: GWP-L3-040 | E98: GWP-L3-040 | F98: Leachate Collection & Treatment Civil | G98: Summary | H98: CIV | I98: Civil Supervisor | L98: =NETWORKDAYS.INTL(N98,O98,11) -> 29 | N98: =MIN(N99:N103) -> 46709 | O98: =MAX(O99:O103) -> 46742 | P98: N | Q98: =IF(COUNT(Q99:Q103)=0,"",MIN(Q99:Q103)) | R98: =IF(COUNTIFS(P99:P103,"Y")=COUNTIFS(P99:P103,"Y",R99:R103,">0"),MAX(R99:R103),"") | S98: =IFERROR(SUMPRODUCT((P99:P103="Y")*L99:L103*S99:S103)/SUMIFS(L99:L103,P99:P103,"Y"),0) -> 0 | T98: =IF(ISNUMBER(R98),"Completed",IF(ISNUMBER(Q98),"In Progress","Not Started")) -> Not Started
A99: GWP-CIV-1740 | B99: GWP.C04.03.01 | C99: L5 | D99: GWP-L3-040 | E99: GWP-CIV-1730 | F99: Sump & Tanks | G99: Summary | H99: CIV | I99: Civil Supervisor | L99: =NETWORKDAYS.INTL(N99,O99,11) -> 29 | N99: =MIN(N100:N103) -> 46709 | O99: =MAX(O100:O103) -> 46742 | P99: N | Q99: =IF(COUNT(Q100:Q103)=0,"",MIN(Q100:Q103)) | R99: =IF(COUNTIFS(P100:P103,"Y")=COUNTIFS(P100:P103,"Y",R100:R103,">0"),MAX(R100:R103),"") | S99: =IFERROR(SUMPRODUCT((P100:P103="Y")*L100:L103*S100:S103)/SUMIFS(L100:L103,P100:P103,"Y"),0) -> 0 | T99: =IF(ISNUMBER(R99),"Completed",IF(ISNUMBER(Q99),"In Progress","Not Started")) -> Not Started
A100: GWP-CIV-1750 | B100: GWP.C04.03.01.01 | C100: L6 | D100: GWP-L3-040 | E100: GWP-CIV-1740 | F100: Excavate for leachate sump & equalisation tank | G100: Task | H100: CIV | I100: Civil Supervisor | J100: 450 | K100: m3 | L100: 6 | M100: GWP-CIV-1050 FS | N100: =IF($L100=0,O30,WORKDAY.INTL(O30,1,11)) -> 46709 | O100: =IF(L100=0,N100,WORKDAY.INTL(N100,L100-1,11)) -> 46715 | P100: Y | T100: =IF(ISNUMBER(R100),"Completed",IF(ISNUMBER(Q100),"In Progress","Not Started")) -> Not Started
A101: GWP-CIV-1760 | B101: GWP.C04.03.01.02 | C101: L6 | D101: GWP-L3-040 | E101: GWP-CIV-1740 | F101: Tank raft reinforcement & concreting | G101: Task | H101: CIV | I101: Civil Supervisor | J101: 70 | K101: m3 | L101: 6 | M101: GWP-CIV-1750 FS | N101: =IF($L101=0,O100,WORKDAY.INTL(O100,1,11)) -> 46716 | O101: =IF(L101=0,N101,WORKDAY.INTL(N101,L101-1,11)) -> 46722 | P101: Y | T101: =IF(ISNUMBER(R101),"Completed",IF(ISNUMBER(Q101),"In Progress","Not Started")) -> Not Started
A102: GWP-CIV-1770 | B102: GWP.C04.03.01.03 | C102: L6 | D102: GWP-L3-040 | E102: GWP-CIV-1740 | F102: Tank walls reinforcement & concreting | G102: Task | H102: CIV | I102: Civil Supervisor | J102: 110 | K102: m3 | L102: 10 | M102: GWP-CIV-1760 FS | N102: =IF($L102=0,O101,WORKDAY.INTL(O101,1,11)) -> 46723 | O102: =IF(L102=0,N102,WORKDAY.INTL(N102,L102-1,11)) -> 46734 | P102: Y | T102: =IF(ISNUMBER(R102),"Completed",IF(ISNUMBER(Q102),"In Progress","Not Started")) -> Not Started
...

Sheet L3 Reference
A1: Level 3 Activities Assigned to the Construction Contractor (Consultant P6 schedule)
A2: Dates, counts and progress are calculated from the L4-L6 Schedule sheet. In the full project these L3 nodes sit inside the consultant's P6 L3 schedule.
A4: L3 Activity ID | B4: WBS | C4: L3 Activity Name | D4: Scope Summary | E4: Planned Start | F4: Planned Finish | G4: Duration (wd) | H4: # L4 | I4: # L5 | J4: # L6 tasks | K4: Actual Start | L4: Actual Finish | M4: % Complete | N4: Status
A5: GWP-L3-010 | B5: GWP.C01 | C5: Site Mobilisation & Temporary Facilities | D5: Site handover, temporary facilities, HSE/QA setup, survey control | E5: =_xlfn.MINIFS('L4-L6 Schedule'!$N$6:$N$220,'L4-L6 Schedule'!$D$6:$D$220,$A5) -> 46664 | F5: =_xlfn.MAXIFS('L4-L6 Schedule'!$O$6:$O$220,'L4-L6 Schedule'!$D$6:$D$220,$A5) -> 46679 | G5: =NETWORKDAYS.INTL(E5,F5,11) -> 14 | H5: =COUNTIFS('L4-L6 Schedule'!$D$6:$D$220,$A5,'L4-L6 Schedule'!$C$6:$C$220,"L4") -> 1 | I5: =COUNTIFS('L4-L6 Schedule'!$D$6:$D$220,$A5,'L4-L6 Schedule'!$C$6:$C$220,"L5") -> 2 | J5: =COUNTIFS('L4-L6 Schedule'!$D$6:$D$220,$A5,'L4-L6 Schedule'!$C$6:$C$220,"L6") -> 10 | K5: =IF(COUNTIFS('L4-L6 Schedule'!$D$6:$D$220,$A5,'L4-L6 Schedule'!$Q$6:$Q$220,">0")=0,"",_xlfn.MINIFS('L4-L6 Schedule'!$Q$6:$Q$220,'L4-L6 Schedule'!$D$6:$D$220,$A5)) | L5: =IF(COUNTIFS('L4-L6 Schedule'!$D$6:$D$220,$A5,'L4-L6 Schedule'!$P$6:$P$220,"Y")=COUNTIFS('L4-L6 Schedule'!$D$6:$D$220,$A5,'L4-L6 Schedule'!$P$6:$P$220,"Y",'L4-L6 Schedule'!$R$6:$R$220,">0"),_xlfn.MAXIFS('L4-L6 Schedule'!$R$6:$R$220,'L4-L6 Schedule'!$D$6:$D$220,$A5),"") | M5: =IFERROR(SUMPRODUCT(('L4-L6 Schedule'!$D$6:$D$220=$A5)*('L4-L6 Schedule'!$P$6:$P$220="Y")*'L4-L6 Schedule'!$L$6:$L$220*'L4-L6 Schedule'!$S$6:$S$220)/SUMIFS('L4-L6 Schedule'!$L$6:$L$220,'L4-L6 Schedule'!$D$6:$D$220,$A5,'L4-L6 Schedule'!$P$6:$P$220,"Y"),0) -> 0 | N5: =IF(ISNUMBER(L5),"Completed",IF(ISNUMBER(K5),"In Progress","Not Started")) -> Not Started
A6: GWP-L3-020 | B6: GWP.C02 | C6: Site Development & Enabling Works | D6: Grading, boundary wall, storm drains, internal roads | E6: =_xlfn.MINIFS('L4-L6 Schedule'!$N$6:$N$220,'L4-L6 Schedule'!$D$6:$D$220,$A6) -> 46680 | F6: =_xlfn.MAXIFS('L4-L6 Schedule'!$O$6:$O$220,'L4-L6 Schedule'!$D$6:$D$220,$A6) -> 46872 | G6: =NETWORKDAYS.INTL(E6,F6,11) -> 166 | H6: =COUNTIFS('L4-L6 Schedule'!$D$6:$D$220,$A6,'L4-L6 Schedule'!$C$6:$C$220,"L4") -> 2 | I6: =COUNTIFS('L4-L6 Schedule'!$D$6:$D$220,$A6,'L4-L6 Schedule'!$C$6:$C$220,"L5") -> 4 | J6: =COUNTIFS('L4-L6 Schedule'!$D$6:$D$220,$A6,'L4-L6 Schedule'!$C$6:$C$220,"L6") -> 16 | K6: =IF(COUNTIFS('L4-L6 Schedule'!$D$6:$D$220,$A6,'L4-L6 Schedule'!$Q$6:$Q$220,">0")=0,"",_xlfn.MINIFS('L4-L6 Schedule'!$Q$6:$Q$220,'L4-L6 Schedule'!$D$6:$D$220,$A6)) | L6: =IF(COUNTIFS('L4-L6 Schedule'!$D$6:$D$220,$A6,'L4-L6 Schedule'!$P$6:$P$220,"Y")=COUNTIFS('L4-L6 Schedule'!$D$6:$D$220,$A6,'L4-L6 Schedule'!$P$6:$P$220,"Y",'L4-L6 Schedule'!$R$6:$R$220,">0"),_xlfn.MAXIFS('L4-L6 Schedule'!$R$6:$R$220,'L4-L6 Schedule'!$D$6:$D$220,$A6),"") | M6: =IFERROR(SUMPRODUCT(('L4-L6 Schedule'!$D$6:$D$220=$A6)*('L4-L6 Schedule'!$P$6:$P$220="Y")*'L4-L6 Schedule'!$L$6:$L$220*'L4-L6 Schedule'!$S$6:$S$220)/SUMIFS('L4-L6 Schedule'!$L$6:$L$220,'L4-L6 Schedule'!$D$6:$D$220,$A6,'L4-L6 Schedule'!$P$6:$P$220,"Y"),0) -> 0 | N6: =IF(ISNUMBER(L6),"Completed",IF(ISNUMBER(K6),"In Progress","Not Started")) -> Not Started
A7: GWP-L3-030 | B7: GWP.C03 | C7: Civil Works - Process Buildings | D7: Tipping/receiving hall (Bldg B) and segregation & processing building (Bldg C): foundations, RCC, floors | E7: =_xlfn.MINIFS('L4-L6 Schedule'!$N$6:$N$220,'L4-L6 Schedule'!$D$6:$D$220,$A7) -> 46709 | F7: =_xlfn.MAXIFS('L4-L6 Schedule'!$O$6:$O$220,'L4-L6 Schedule'!$D$6:$D$220,$A7) -> 46790 | G7: =NETWORKDAYS.INTL(E7,F7,11) -> 70 | H7: =COUNTIFS('L4-L6 Schedule'!$D$6:$D$220,$A7,'L4-L6 Schedule'!$C$6:$C$220,"L4") -> 2 | I7: =COUNTIFS('L4-L6 Schedule'!$D$6:$D$220,$A7,'L4-L6 Schedule'!$C$6:$C$220,"L5") -> 6 | J7: =COUNTIFS('L4-L6 Schedule'!$D$6:$D$220,$A7,'L4-L6 Schedule'!$C$6:$C$220,"L6") -> 28 | K7: =IF(COUNTIFS('L4-L6 Schedule'!$D$6:$D$220,$A7,'L4-L6 Schedule'!$Q$6:$Q$220,">0")=0,"",_xlfn.MINIFS('L4-L6 Schedule'!$Q$6:$Q$220,'L4-L6 Schedule'!$D$6:$D$220,$A7)) | L7: =IF(COUNTIFS('L4-L6 Schedule'!$D$6:$D$220,$A7,'L4-L6 Schedule'!$P$6:$P$220,"Y")=COUNTIFS('L4-L6 Schedule'!$D$6:$D$220,$A7,'L4-L6 Schedule'!$P$6:$P$220,"Y",'L4-L6 Schedule'!$R$6:$R$220,">0"),_xlfn.MAXIFS('L4-L6 Schedule'!$R$6:$R$220,'L4-L6 Schedule'!$D$6:$D$220,$A7),"") | M7: =IFERROR(SUMPRODUCT(('L4-L6 Schedule'!$D$6:$D$220=$A7)*('L4-L6 Schedule'!$P$6:$P$220="Y")*'L4-L6 Schedule'!$L$6:$L$220*'L4-L6 Schedule'!$S$6:$S$220)/SUMIFS('L4-L6 Schedule'!$L$6:$L$220,'L4-L6 Schedule'!$D$6:$D$220,$A7,'L4-L6 Schedule'!$P$6:$P$220,"Y"),0) -> 0 | N7: =IF(ISNUMBER(L7),"Completed",IF(ISNUMBER(K7),"In Progress","Not Started")) -> Not Started
A8: GWP-L3-040 | B8: GWP.C04 | C8: Civil Works - Composting Yard, RDF Shed & Leachate Tanks | D8: Compost platform, RDF shed foundation/floor, leachate sump and tanks | E8: =_xlfn.MINIFS('L4-L6 Schedule'!$N$6:$N$220,'L4-L6 Schedule'!$D$6:$D$220,$A8) -> 46709 | F8: =_xlfn.MAXIFS('L4-L6 Schedule'!$O$6:$O$220,'L4-L6 Schedule'!$D$6:$D$220,$A8) -> 46752 | G8: =NETWORKDAYS.INTL(E8,F8,11) -> 38 | H8: =COUNTIFS('L4-L6 Schedule'!$D$6:$D$220,$A8,'L4-L6 Schedule'!$C$6:$C$220,"L4") -> 3 | I8: =COUNTIFS('L4-L6 Schedule'!$D$6:$D$220,$A8,'L4-L6 Schedule'!$C$6:$C$220,"L5") -> 3 | J8: =COUNTIFS('L4-L6 Schedule'!$D$6:$D$220,$A8,'L4-L6 Schedule'!$C$6:$C$220,"L6") -> 14 | K8: =IF(COUNTIFS('L4-L6 Schedule'!$D$6:$D$220,$A8,'L4-L6 Schedule'!$Q$6:$Q$220,">0")=0,"",_xlfn.MINIFS('L4-L6 Schedule'!$Q$6:$Q$220,'L4-L6 Schedule'!$D$6:$D$220,$A8)) | L8: =IF(COUNTIFS('L4-L6 Schedule'!$D$6:$D$220,$A8,'L4-L6 Schedule'!$P$6:$P$220,"Y")=COUNTIFS('L4-L6 Schedule'!$D$6:$D$220,$A8,'L4-L6 Schedule'!$P$6:$P$220,"Y",'L4-L6 Schedule'!$R$6:$R$220,">0"),_xlfn.MAXIFS('L4-L6 Schedule'!$R$6:$R$220,'L4-L6 Schedule'!$D$6:$D$220,$A8),"") | M8: =IFERROR(SUMPRODUCT(('L4-L6 Schedule'!$D$6:$D$220=$A8)*('L4-L6 Schedule'!$P$6:$P$220="Y")*'L4-L6 Schedule'!$L$6:$L$220*'L4-L6 Schedule'!$S$6:$S$220)/SUMIFS('L4-L6 Schedule'!$L$6:$L$220,'L4-L6 Schedule'!$D$6:$D$220,$A8,'L4-L6 Schedule'!$P$6:$P$220,"Y"),0) -> 0 | N8: =IF(ISNUMBER(L8),"Completed",IF(ISNUMBER(K8),"In Progress","Not Started")) -> Not Started
A9: GWP-L3-050 | B9: GWP.C05 | C9: Civil Works - Administration & Utility Buildings | D9: Admin/control building, substation & DG room, fire water tank, weighbridge foundation | E9: =_xlfn.MINIFS('L4-L6 Schedule'!$N$6:$N$220,'L4-L6 Schedule'!$D$6:$D$220,$A9) -> 46709 | F9: =_xlfn.MAXIFS('L4-L6 Schedule'!$O$6:$O$220,'L4-L6 Schedule'!$D$6:$D$220,$A9) -> 46794 | G9: =NETWORKDAYS.INTL(E9,F9,11) -> 74 | H9: =COUNTIFS('L4-L6 Schedule'!$D$6:$D$220,$A9,'L4-L6 Schedule'!$C$6:$C$220,"L4") -> 2 | I9: =COUNTIFS('L4-L6 Schedule'!$D$6:$D$220,$A9,'L4-L6 Schedule'!$C$6:$C$220,"L5") -> 3 | J9: =COUNTIFS('L4-L6 Schedule'!$D$6:$D$220,$A9,'L4-L6 Schedule'!$C$6:$C$220,"L6") -> 12 | K9: =IF(COUNTIFS('L4-L6 Schedule'!$D$6:$D$220,$A9,'L4-L6 Schedule'!$Q$6:$Q$220,">0")=0,"",_xlfn.MINIFS('L4-L6 Schedule'!$Q$6:$Q$220,'L4-L6 Schedule'!$D$6:$D$220,$A9)) | L9: =IF(COUNTIFS('L4-L6 Schedule'!$D$6:$D$220,$A9,'L4-L6 Schedule'!$P$6:$P$220,"Y")=COUNTIFS('L4-L6 Schedule'!$D$6:$D$220,$A9,'L4-L6 Schedule'!$P$6:$P$220,"Y",'L4-L6 Schedule'!$R$6:$R$220,">0"),_xlfn.MAXIFS('L4-L6 Schedule'!$R$6:$R$220,'L4-L6 Schedule'!$D$6:$D$220,$A9),"") | M9: =IFERROR(SUMPRODUCT(('L4-L6 Schedule'!$D$6:$D$220=$A9)*('L4-L6 Schedule'!$P$6:$P$220="Y")*'L4-L6 Schedule'!$L$6:$L$220*'L4-L6 Schedule'!$S$6:$S$220)/SUMIFS('L4-L6 Schedule'!$L$6:$L$220,'L4-L6 Schedule'!$D$6:$D$220,$A9,'L4-L6 Schedule'!$P$6:$P$220,"Y"),0) -> 0 | N9: =IF(ISNUMBER(L9),"Completed",IF(ISNUMBER(K9),"In Progress","Not Started")) -> Not Started
A10: GWP-L3-060 | B10: GWP.C06 | C10: Structural Steel Fabrication & Erection | D10: Trusses, columns, crane girders, platforms, roof sheeting, painting | E10: =_xlfn.MINIFS('L4-L6 Schedule'!$N$6:$N$220,'L4-L6 Schedule'!$D$6:$D$220,$A10) -> 46688 | F10: =_xlfn.MAXIFS('L4-L6 Schedule'!$O$6:$O$220,'L4-L6 Schedule'!$D$6:$D$220,$A10) -> 46815 | G10: =NETWORKDAYS.INTL(E10,F10,11) -> 110 | H10: =COUNTIFS('L4-L6 Schedule'!$D$6:$D$220,$A10,'L4-L6 Schedule'!$C$6:$C$220,"L4") -> 2 | I10: =COUNTIFS('L4-L6 Schedule'!$D$6:$D$220,$A10,'L4-L6 Schedule'!$C$6:$C$220,"L5") -> 5 | J10: =COUNTIFS('L4-L6 Schedule'!$D$6:$D$220,$A10,'L4-L6 Schedule'!$C$6:$C$220,"L6") -> 16 | K10: =IF(COUNTIFS('L4-L6 Schedule'!$D$6:$D$220,$A10,'L4-L6 Schedule'!$Q$6:$Q$220,">0")=0,"",_xlfn.MINIFS('L4-L6 Schedule'!$Q$6:$Q$220,'L4-L6 Schedule'!$D$6:$D$220,$A10)) | L10: =IF(COUNTIFS('L4-L6 Schedule'!$D$6:$D$220,$A10,'L4-L6 Schedule'!$P$6:$P$220,"Y")=COUNTIFS('L4-L6 Schedule'!$D$6:$D$220,$A10,'L4-L6 Schedule'!$P$6:$P$220,"Y",'L4-L6 Schedule'!$R$6:$R$220,">0"),_xlfn.MAXIFS('L4-L6 Schedule'!$R$6:$R$220,'L4-L6 Schedule'!$D$6:$D$220,$A10),"") | M10: =IFERROR(SUMPRODUCT(('L4-L6 Schedule'!$D$6:$D$220=$A10)*('L4-L6 Schedule'!$P$6:$P$220="Y")*'L4-L6 Schedule'!$L$6:$L$220*'L4-L6 Schedule'!$S$6:$S$220)/SUMIFS('L4-L6 Schedule'!$L$6:$L$220,'L4-L6 Schedule'!$D$6:$D$220,$A10,'L4-L6 Schedule'!$P$6:$P$220,"Y"),0) -> 0 | N10: =IF(ISNUMBER(L10),"Completed",IF(ISNUMBER(K10),"In Progress","Not Started")) -> Not Started
A11: GWP-L3-070 | B11: GWP.C07 | C11: Mechanical Equipment Erection | D11: Erection and alignment of supplier-furnished process equipment | E11: =_xlfn.MINIFS('L4-L6 Schedule'!$N$6:$N$220,'L4-L6 Schedule'!$D$6:$D$220,$A11) -> 46834 | F11: =_xlfn.MAXIFS('L4-L6 Schedule'!$O$6:$O$220,'L4-L6 Schedule'!$D$6:$D$220,$A11) -> 46858 | G11: =NETWORKDAYS.INTL(E11,F11,11) -> 22 | H11: =COUNTIFS('L4-L6 Schedule'!$D$6:$D$220,$A11,'L4-L6 Schedule'!$C$6:$C$220,"L4") -> 2 | I11: =COUNTIFS('L4-L6 Schedule'!$D$6:$D$220,$A11,'L4-L6 Schedule'!$C$6:$C$220,"L5") -> 4 | J11: =COUNTIFS('L4-L6 Schedule'!$D$6:$D$220,$A11,'L4-L6 Schedule'!$C$6:$C$220,"L6") -> 16 | K11: =IF(COUNTIFS('L4-L6 Schedule'!$D$6:$D$220,$A11,'L4-L6 Schedule'!$Q$6:$Q$220,">0")=0,"",_xlfn.MINIFS('L4-L6 Schedule'!$Q$6:$Q$220,'L4-L6 Schedule'!$D$6:$D$220,$A11)) | L11: =IF(COUNTIFS('L4-L6 Schedule'!$D$6:$D$220,$A11,'L4-L6 Schedule'!$P$6:$P$220,"Y")=COUNTIFS('L4-L6 Schedule'!$D$6:$D$220,$A11,'L4-L6 Schedule'!$P$6:$P$220,"Y",'L4-L6 Schedule'!$R$6:$R$220,">0"),_xlfn.MAXIFS('L4-L6 Schedule'!$R$6:$R$220,'L4-L6 Schedule'!$D$6:$D$220,$A11),"") | M11: =IFERROR(SUMPRODUCT(('L4-L6 Schedule'!$D$6:$D$220=$A11)*('L4-L6 Schedule'!$P$6:$P$220="Y")*'L4-L6 Schedule'!$L$6:$L$220*'L4-L6 Schedule'!$S$6:$S$220)/SUMIFS('L4-L6 Schedule'!$L$6:$L$220,'L4-L6 Schedule'!$D$6:$D$220,$A11,'L4-L6 Schedule'!$P$6:$P$220,"Y"),0) -> 0 | N11: =IF(ISNUMBER(L11),"Completed",IF(ISNUMBER(K11),"In Progress","Not Started")) -> Not Started
A12: GWP-L3-080 | B12: GWP.C08 | C12: Piping, Fire Water & ETP Mechanical Works | D12: Leachate/process piping, fire water network, ETP skids and pumps, plumbing | E12: =_xlfn.MINIFS('L4-L6 Schedule'!$N$6:$N$220,'L4-L6 Schedule'!$D$6:$D$220,$A12) -> 46688 | F12: =_xlfn.MAXIFS('L4-L6 Schedule'!$O$6:$O$220,'L4-L6 Schedule'!$D$6:$D$220,$A12) -> 46877 | G12: =NETWORKDAYS.INTL(E12,F12,11) -> 163 | H12: =COUNTIFS('L4-L6 Schedule'!$D$6:$D$220,$A12,'L4-L6 Schedule'!$C$6:$C$220,"L4") -> 2 | I12: =COUNTIFS('L4-L6 Schedule'!$D$6:$D$220,$A12,'L4-L6 Schedule'!$C$6:$C$220,"L5") -> 4 | J12: =COUNTIFS('L4-L6 Schedule'!$D$6:$D$220,$A12,'L4-L6 Schedule'!$C$6:$C$220,"L6") -> 10 | K12: =IF(COUNTIFS('L4-L6 Schedule'!$D$6:$D$220,$A12,'L4-L6 Schedule'!$Q$6:$Q$220,">0")=0,"",_xlfn.MINIFS('L4-L6 Schedule'!$Q$6:$Q$220,'L4-L6 Schedule'!$D$6:$D$220,$A12)) | L12: =IF(COUNTIFS('L4-L6 Schedule'!$D$6:$D$220,$A12,'L4-L6 Schedule'!$P$6:$P$220,"Y")=COUNTIFS('L4-L6 Schedule'!$D$6:$D$220,$A12,'L4-L6 Schedule'!$P$6:$P$220,"Y",'L4-L6 Schedule'!$R$6:$R$220,">0"),_xlfn.MAXIFS('L4-L6 Schedule'!$R$6:$R$220,'L4-L6 Schedule'!$D$6:$D$220,$A12),"") | M12: =IFERROR(SUMPRODUCT(('L4-L6 Schedule'!$D$6:$D$220=$A12)*('L4-L6 Schedule'!$P$6:$P$220="Y")*'L4-L6 Schedule'!$L$6:$L$220*'L4-L6 Schedule'!$S$6:$S$220)/SUMIFS('L4-L6 Schedule'!$L$6:$L$220,'L4-L6 Schedule'!$D$6:$D$220,$A12,'L4-L6 Schedule'!$P$6:$P$220,"Y"),0) -> 0 | N12: =IF(ISNUMBER(L12),"Completed",IF(ISNUMBER(K12),"In Progress","Not Started")) -> Not Started
A13: GWP-L3-090 | B13: GWP.C09 | C13: Electrical Installation | D13: Transformer, panels, DG, earthing, cable trays, cabling, lighting | E13: =_xlfn.MINIFS('L4-L6 Schedule'!$N$6:$N$220,'L4-L6 Schedule'!$D$6:$D$220,$A13) -> 46718 | F13: =_xlfn.MAXIFS('L4-L6 Schedule'!$O$6:$O$220,'L4-L6 Schedule'!$D$6:$D$220,$A13) -> 46923 | G13: =NETWORKDAYS.INTL(E13,F13,11) -> 176 | H13: =COUNTIFS('L4-L6 Schedule'!$D$6:$D$220,$A13,'L4-L6 Schedule'!$C$6:$C$220,"L4") -> 1 | I13: =COUNTIFS('L4-L6 Schedule'!$D$6:$D$220,$A13,'L4-L6 Schedule'!$C$6:$C$220,"L5") -> 3 | J13: =COUNTIFS('L4-L6 Schedule'!$D$6:$D$220,$A13,'L4-L6 Schedule'!$C$6:$C$220,"L6") -> 10 | K13: =IF(COUNTIFS('L4-L6 Schedule'!$D$6:$D$220,$A13,'L4-L6 Schedule'!$Q$6:$Q$220,">0")=0,"",_xlfn.MINIFS('L4-L6 Schedule'!$Q$6:$Q$220,'L4-L6 Schedule'!$D$6:$D$220,$A13)) | L13: =IF(COUNTIFS('L4-L6 Schedule'!$D$6:$D$220,$A13,'L4-L6 Schedule'!$P$6:$P$220,"Y")=COUNTIFS('L4-L6 Schedule'!$D$6:$D$220,$A13,'L4-L6 Schedule'!$P$6:$P$220,"Y",'L4-L6 Schedule'!$R$6:$R$220,">0"),_xlfn.MAXIFS('L4-L6 Schedule'!$R$6:$R$220,'L4-L6 Schedule'!$D$6:$D$220,$A13),"") | M13: =IFERROR(SUMPRODUCT(('L4-L6 Schedule'!$D$6:$D$220=$A13)*('L4-L6 Schedule'!$P$6:$P$220="Y")*'L4-L6 Schedule'!$L$6:$L$220*'L4-L6 Schedule'!$S$6:$S$220)/SUMIFS('L4-L6 Schedule'!$L$6:$L$220,'L4-L6 Schedule'!$D$6:$D$220,$A13,'L4-L6 Schedule'!$P$6:$P$220,"Y"),0) -> 0 | N13: =IF(ISNUMBER(L13),"Completed",IF(ISNUMBER(K13),"In Progress","Not Started")) -> Not Started
A14: GWP-L3-100 | B14: GWP.C10 | C14: Instrumentation & Automation Installation | D14: Field instruments, PLC/SCADA, weighbridge integration, CCTV & fire alarm | E14: =_xlfn.MINIFS('L4-L6 Schedule'!$N$6:$N$220,'L4-L6 Schedule'!$D$6:$D$220,$A14) -> 46805 | F14: =_xlfn.MAXIFS('L4-L6 Schedule'!$O$6:$O$220,'L4-L6 Schedule'!$D$6:$D$220,$A14) -> 46928 | G14: =NETWORKDAYS.INTL(E14,F14,11) -> 107 | H14: =COUNTIFS('L4-L6 Schedule'!$D$6:$D$220,$A14,'L4-L6 Schedule'!$C$6:$C$220,"L4") -> 1 | I14: =COUNTIFS('L4-L6 Schedule'!$D$6:$D$220,$A14,'L4-L6 Schedule'!$C$6:$C$220,"L5") -> 2 | J14: =COUNTIFS('L4-L6 Schedule'!$D$6:$D$220,$A14,'L4-L6 Schedule'!$C$6:$C$220,"L6") -> 6 | K14: =IF(COUNTIFS('L4-L6 Schedule'!$D$6:$D$220,$A14,'L4-L6 Schedule'!$Q$6:$Q$220,">0")=0,"",_xlfn.MINIFS('L4-L6 Schedule'!$Q$6:$Q$220,'L4-L6 Schedule'!$D$6:$D$220,$A14)) | L14: =IF(COUNTIFS('L4-L6 Schedule'!$D$6:$D$220,$A14,'L4-L6 Schedule'!$P$6:$P$220,"Y")=COUNTIFS('L4-L6 Schedule'!$D$6:$D$220,$A14,'L4-L6 Schedule'!$P$6:$P$220,"Y",'L4-L6 Schedule'!$R$6:$R$220,">0"),_xlfn.MAXIFS('L4-L6 Schedule'!$R$6:$R$220,'L4-L6 Schedule'!$D$6:$D$220,$A14),"") | M14: =IFERROR(SUMPRODUCT(('L4-L6 Schedule'!$D$6:$D$220=$A14)*('L4-L6 Schedule'!$P$6:$P$220="Y")*'L4-L6 Schedule'!$L$6:$L$220*'L4-L6 Schedule'!$S$6:$S$220)/SUMIFS('L4-L6 Schedule'!$L$6:$L$220,'L4-L6 Schedule'!$D$6:$D$220,$A14,'L4-L6 Schedule'!$P$6:$P$220,"Y"),0) -> 0 | N14: =IF(ISNUMBER(L14),"Completed",IF(ISNUMBER(K14),"In Progress","Not Started")) -> Not Started
A15: GWP-L3-110 | B15: GWP.C11 | C15: Construction Inspection, Testing & Mechanical Completion | D15: Hydrotests, megger, loop checks, cold runs, punch list, documentation, MC certificate | E15: =_xlfn.MINIFS('L4-L6 Schedule'!$N$6:$N$220,'L4-L6 Schedule'!$D$6:$D$220,$A15) -> 46816 | F15: =_xlfn.MAXIFS('L4-L6 Schedule'!$O$6:$O$220,'L4-L6 Schedule'!$D$6:$D$220,$A15) -> 46954 | G15: =NETWORKDAYS.INTL(E15,F15,11) -> 119 | H15: =COUNTIFS('L4-L6 Schedule'!$D$6:$D$220,$A15,'L4-L6 Schedule'!$C$6:$C$220,"L4") -> 1 | I15: =COUNTIFS('L4-L6 Schedule'!$D$6:$D$220,$A15,'L4-L6 Schedule'!$C$6:$C$220,"L5") -> 4 | J15: =COUNTIFS('L4-L6 Schedule'!$D$6:$D$220,$A15,'L4-L6 Schedule'!$C$6:$C$220,"L6") -> 11 | K15: =IF(COUNTIFS('L4-L6 Schedule'!$D$6:$D$220,$A15,'L4-L6 Schedule'!$Q$6:$Q$220,">0")=0,"",_xlfn.MINIFS('L4-L6 Schedule'!$Q$6:$Q$220,'L4-L6 Schedule'!$D$6:$D$220,$A15)) | L15: =IF(COUNTIFS('L4-L6 Schedule'!$D$6:$D$220,$A15,'L4-L6 Schedule'!$P$6:$P$220,"Y")=COUNTIFS('L4-L6 Schedule'!$D$6:$D$220,$A15,'L4-L6 Schedule'!$P$6:$P$220,"Y",'L4-L6 Schedule'!$R$6:$R$220,">0"),_xlfn.MAXIFS('L4-L6 Schedule'!$R$6:$R$220,'L4-L6 Schedule'!$D$6:$D$220,$A15),"") | M15: =IFERROR(SUMPRODUCT(('L4-L6 Schedule'!$D$6:$D$220=$A15)*('L4-L6 Schedule'!$P$6:$P$220="Y")*'L4-L6 Schedule'!$L$6:$L$220*'L4-L6 Schedule'!$S$6:$S$220)/SUMIFS('L4-L6 Schedule'!$L$6:$L$220,'L4-L6 Schedule'!$D$6:$D$220,$A15,'L4-L6 Schedule'!$P$6:$P$220,"Y"),0) -> 0 | N15: =IF(ISNUMBER(L15),"Completed",IF(ISNUMBER(K15),"In Progress","Not Started")) -> Not Started
C16: Package total | E16: =MIN(E5:E15) -> 46664 | F16: =MAX(F5:F15) -> 46954 | G16: =NETWORKDAYS.INTL(E16,F16,11) -> 250 | H16: =SUM(H5:H15) -> 19 | I16: =SUM(I5:I15) -> 40 | J16: =SUM(J5:J15) -> 149
A18: The last L3 node (Inspection, Testing & Mechanical Completion) ends with milestone "Mechanical Completion certificate (construction package)"; pre-commissioning and commissioning follow in other packages of the full L3 schedule.
